City,Hotel name,Image,Url,Address,Stars,Min Price,Rating,Number of reviews,Reviews,Facilities,Description,Nearby places
ABC_DEMO,Citadines Marina Hạ Long,"['https://img.tripi.vn/cdn-cgi/image/width=1244,height=558/https://storage.googleapis.com/hms_prod/photo/img/456775OKLYDN/overview.png', 'https://img.tripi.vn/cdn-cgi/image/width=840,height=416/https://storage.googleapis.com/hms_prod/photo/img/460091bUn/sr_vietnam_halong_citadines-marina-halong_social_lounge_1.jpg', 'https://img.tripi.vn/cdn-cgi/image/width=840,height=416/https://storage.googleapis.com/hms_prod/photo/img/460091clT/sr_vietnam_halong_citadines-marina-halong_facade-2-lr.png']","https://mytour.vn/khach-san/50423-citadines-marina-ha-long.html?checkIn=16-07-2022&checkOut=17-07-2022&adults=1&rooms=1&children=0&priceKey=%2Bkhj4MYg%2F5orKAvp5TXfLZ6ExPOu7k7IVqfA98hLf1bYvEKvKnt9VjjsUj6y2al9ysbNPa8Qhvk%3D
","Peninsula 3, Marina Hạ Long, Đại Lộ Hạ Long Marine, Thành Phố Hạ Long, Quảng Ninh, Việt Nam",5,1.885.973đ,8.4,0,[],"['Bãi đỗ xe', 'Phòng gym', 'Lễ tân 24h', 'Giữ hành lý', 'Bán tour', 'Đặt vé xe/máy bay', 'Internet miễn phí.']","['Citadines Marina Halong là một khu nghỉ dưỡng với 580 căn hộ, nơi du khách có thể lưu trú tại trung tâm thành phố tráng lệ bên bờ vịnh, trong khi thoải mái tận hưởng cuộc sống tại chính căn hộ của quý khách.\nCitadines Marina Halong cung cấp những căn hộ đầy đủ tiện nghi theo phong cách hiện đại với ban công rộng rãi, thoáng mát vươn tầm nhìn ra khung cảnh Vịnh kỳ vĩ. Tại đây, quý khách thấy sẵn có phòng tập thể dục hiện đại với mọi trang thiết bị tập luyện, hồ bơi trong nhà và ngoài trời đi cùng với một trung tâm yoga dành cho những bài tập vào buổi sáng sớm.']",[]
ABC_DEMO,Khách Sạn Ami Boutique,"['https://img.tripi.vn/cdn-cgi/image/width=1244,height=558/https://storage.googleapis.com/hms_prod/photo/img/456146JzdNXi/reception.jpg', 'https://img.tripi.vn/cdn-cgi/image/width=840,height=416/https://storage.googleapis.com/hms_prod/photo/img/456146FEkrpS/cc5610a606bbcbe592aa.jpg', 'https://img.tripi.vn/cdn-cgi/image/width=840,height=416/https://storage.googleapis.com/hms_prod/photo/img/1619311696564nQ/26.jpeg']","https://mytour.vn/khach-san/48911-khach-san-ami-boutique.html?checkIn=16-07-2022&checkOut=17-07-2022&adults=1&rooms=1&children=0&priceKey=%2Bkhj4MYg%2F5pUKXrufjrneP%2Bii5fW7MITnqz3GhEsvYpp1eTdZ%2BRzmfjD5NUGrzlc
","17, Huỳnh Thúc Kháng, Thành Phố Đà Lạt, Lâm Đồng, Việt Nam",3,551.906đ,9.2,4,"['Khách sạn thật tuyệt vời\nCác bạn nhân viên vô cùng dễ thương và thân thiện. Cơ sở vật chất của khách sạn rất mới và có xông tinh dầu khử mùi rất chuyên nghiệp. Phòng sạch sẽ và có hỗ trợ cho nhận phòng sớm khi có phòng, cực kỳ phóng khoáng và dễ thương. Khách sạn gần chợ hơn mình tưởng do đi đường không kẹt xe. Kế bên có rất nhiều nhà hàng rất đông khách và nổi tiếng.', 'Khách sạn mới và thân thiện\nPhòng ốc sạch sẽ. Nhân viên rất thân thiện và nhiệt tình, gần trung tâm tiện đi ăn uống và đi dạo. Tới Đà Lạt, tôi sẽ quay lại ở khách sạn này.', 'Khách sạn rất đáng giá\nPhòng hơi nhỏ, chi phí rẻ. Khách sạn mới và rất sạch sẽ. Nhân viên thân thiện, tiện nghi rất tốt. Sẽ quay lại vào lần sau.', 'Dịch vụ khách sạn rất tốt\nVị trí sát trung tâm view thấy được chợ Đà Lạt mà lại rất yên tĩnh. Đúng chất của một Đà Lạt thơ mộng. Các bạn nhân viên đều năng động nhiệt tình. Hỗ trợ cho nhận phòng sớm cũng như xếp phòng đẹp cho khách.']","['Bãi đỗ xe', 'Giữ hành lý', 'Bán tour', 'Lễ tân 24h', 'Internet miễn phí.']","['Mia Boutique mang phong cách hiện đại và sang trọng từ kiến trúc bên ngoài, thiết kế từ nội thất bên trong. Điểm nhấn của Mia là khoảng không gian xanh với vườn cây treo muôn màu sắc hoa theo mùa tạo nên khung cảnh thư giãn để quý khách có thể tận hưởng trọn vẹn không khí Đà Lạt.', 'Ngoài ra, Mia Boutique nằm ngay vị trí trung tâm thành phố khi chỉ cách chợ Đà Lạt khoảng 1,5km, xung quanh là những tiện ích ẩm thực cũng như thuận tiện trong việc di chuyển những địa điểm tham quan Đà Lạt.']","[('Lẩu Nấm Yang Sin Đà Lạt', '138 m'), ('NOW Coffee & Bakery', '163 m'), ('Cafe Phôi Pha', '190 m'), ('Ngói Nướng Quán', '191 m'), ('Biệt thự du lịch Hằng Nga - Crazy House', '281 m'), ('Nhà thờ Thánh Tâm', '362 m'), ('Dinh III Bảo Đại', '459 m'), ('Dốc Nhà Bò', '600 m')]"
ABC_DEMO,Khách Sạn Gold Night,"['https://img.tripi.vn/cdn-cgi/image/width=840,height=416/https://s3.ap-southeast-1.amazonaws.com/mytourcdn.com/resources/pictures/hotels/3/JV_wlcSrQZeJeBtIT52anw-3.jpeg', 'https://img.tripi.vn/cdn-cgi/image/width=840,height=416/https://storage.googleapis.com/hms_prod/photo/img/2690rC/10030444-d4fff848695ac6d25d28674da37aaf42-copy.jpg', ""https://img.tripi.vn/cdn-cgi/image/width=840,height=416/https://www.googleapis.com/download/storage/v1/b/hotelcdn/o/1330%2FWL6RY07V99_2'.jpg?generation=1586255696035983&alt=media"", 'https://img.tripi.vn/cdn-cgi/image/width=840,height=416/https://s3.ap-southeast-1.amazonaws.com/mytourcdn.com/resources/pictures/hotels/3/y9FLSvVUTey3cFTHCBhSSA-52.jpeg']","https://mytour.vn/khach-san/1330-khach-san-gold-night.html?checkIn=16-07-2022&checkOut=17-07-2022&adults=1&rooms=1&children=0&priceKey=%2Bkhj4MYg%2F5q1Z4kKB%2B4kFORhhlKzwYNXLn%2Bwa2Wlgv6lZl1w39%2FPnrgDiwV5Q7lu
","6, Nguyễn Thị Minh Khai, Thành Phố Đà Lạt, Lâm Đồng, Việt Nam",2,272.750đ,8.2,435,"['Phòng ốc tươm tất\nChuyến công tác vừa qua, tôi chọn dịch vụ này để nghỉ lại và thấy phòng ốc cũng bình thường, phòng được dọn dẹp cũng khá kỹ càng và nhân viên đón tiếp khách lịch sự.', 'Vị trí thuận tiện\nGiá bình dân, vị trí rất thuận tiện đi ra chợ đêm, chất lượng phòng vs nội thất tiện nghi cũng được. ', 'Nhân viên vui vẻ\nChúng tôi chọn dịch vụ này vì có giá cả phù hợp. Nhân viên đón tiếp và phục vụ khách ân cần chu đáo. Phòng ốc sạch sẽ và thủ tục giao nhận phòng cũng rất nhanh chóng. ', 'Thuận tiện\nPhòng ốc khang trang và tiện nghi được trang bị đầy đủ. Vị trí cũng thuận tiện đi lại và hài lòng với giá cả nữa. Sẽ quay trở lại nếu có dịp.', 'Bình thường\nKhách sạn này có vị trí thuận tiện vì ngay chợ, còn chất lượng phòng ở thì cũng bình thường. Có điều vòi nước ở bồn rửa mặt thì hk có hệ thống nước nóng lạnh nên nhiều khi cũng bất tiện. ']","['Bán tour', 'Giữ hành lý', 'Thu đổi ngoại tệ', 'Lễ tân 24h', 'Internet miễn phí.', 'Dọn phòng hàng ngày', 'Nhà hàng']","['Khách sạn Gold Night tọa lạc ngay trung tâm thành phố trên con đường dẫn vào chợ Đà Lạt, cũng chính là khu vực ""chợ đêm"" vào mỗi buổi tối. Khách sạn đã có hơn 10 năm kinh nghiệm phục vụ trong ngành cung cấp dịch vụ lưu trú, vì vậy đội ngũ nhân viên Gold Night luôn đảm bảo chất lượng dịch vụ cũng như những đặc thù của loại hình khách sạn truyền thống. Đến với Khách sạn Gold Night chúng tôi luôn đón chào và phục vụ quý khách như những vị khách quý của gia đình, phần nào mang lại cảm giác ấm cúng, gần gũi trong thời gian lưu trú tại đây. ']","[(""Nhà hàng L'ang Farm"", '49 m'), ('Nhà Hàng Wayfarer', '49 m'), (""L'angfarm Store Chợ Đêm Đà Lạt"", '68 m'), ('Sky Bar', '76 m'), (""Len's Cafe & Restaurant"", '117 m'), ('Bánh Mì tươi Tin Tin', '122 m'), ('District 1 - World Beer Collection', '122 m'), ('F Garden Dalat', '125 m')]"
ABC_DEMO,Khách Sạn Minh Quân,"['https://img.tripi.vn/cdn-cgi/image/width=1244,height=558/https://storage.googleapis.com/hms_prod/photo/img/457898XkW/tonghop-34.jpg', 'https://img.tripi.vn/cdn-cgi/image/width=840,height=416/https://storage.googleapis.com/hms_prod/photo/img/457898Mgm/tonghop-36.jpg', 'https://img.tripi.vn/cdn-cgi/image/width=840,height=416/https://storage.googleapis.com/hms_prod/photo/img/457898bSC/tonghop-32.jpg', 'https://img.tripi.vn/cdn-cgi/image/width=840,height=416/https://storage.googleapis.com/hms_prod/photo/img/457898qRD/tonghop-33.jpg', 'https://img.tripi.vn/cdn-cgi/image/width=840,height=416/https://storage.googleapis.com/hms_prod/photo/img/457898Wfv/tonghop-30.jpg']","https://mytour.vn/khach-san/50543-khach-san-minh-quan.html?checkIn=16-07-2022&checkOut=17-07-2022&adults=1&rooms=1&children=0&priceKey=%2Bkhj4MYg%2F5q1Z4kKB%2B4kFORhhlKzwYNXDYelFAvKH%2FrW1q04iiYQ8lG7%2B7n1Td3r
","121, Phan Đăng Lưu, Quận Hải Châu, Đà Nẵng, Việt Nam",3,476.229đ,8.4,0,[],"['Cho thuê xe máy', 'Đưa/đón khách sân bay', 'Giữ hành lý', 'Lễ tân 24h', 'Báo thức', 'Đặt vé xe/máy bay', 'Bán tour']","['Khách Sạn Minh Quân Đà Nẵng là nơi cung cấp dịch vụ lưu  trú lý tưởng cho sự vui vẻ và thư giãn của Quý khách.', 'Khách Sạn Minh Quân Đà Nẵng là một nơi nghỉ dưỡng đạt tiêu chuẩn với các dịch vụ tiện nghi như: wifi miễn phí, nước uống miễn phí,... đảm bảo mang đến cho khách hàng sự thoải mái nhất. Với thiết kế thanh lịch và gần gũi, sang trọng, tất cả phòng của khách hàng đều có trang bị tiện nghi chu đáo. Các trang bị tiêu chuẩn trong phòng bao gồm: tivi, điều hòa, phòng tắm riêng Ngoài ra, khách sạn còn có thể gợi ý cho bạn những hoạt động vui chơi giải trí bảo đảm bạn luôn thấy hứng thú trong suốt kỳ nghỉ.']",[]
ABC_DEMO,Khách sạn Pacific Đà Nẵng,"['https://img.tripi.vn/cdn-cgi/image/width=840,height=416/https://s3.ap-southeast-1.amazonaws.com/mytourcdn.com/resources/pictures/hotels/9/h8a1540542454_khach_san_pacific_da_nang.jpg', 'https://img.tripi.vn/cdn-cgi/image/width=840,height=416/https://s3.ap-southeast-1.amazonaws.com/mytourcdn.com/resources/pictures/hotels/9/jin1540542454_khach_san_pacific_da_nang.jpg', 'https://img.tripi.vn/cdn-cgi/image/width=840,height=416/https://s3.ap-southeast-1.amazonaws.com/mytourcdn.com/resources/pictures/hotels/9/bjn1540542454_khach_san_pacific_da_nang.jpg', 'https://img.tripi.vn/cdn-cgi/image/width=840,height=416/https://www.googleapis.com/download/storage/v1/b/hotelcdn/o/478%2FWOKBAH3ISB_84579406.jpg?generation=1586169443331933&alt=media']","https://mytour.vn/khach-san/901-khach-san-pacific-da-nang.html?checkIn=16-07-2022&checkOut=17-07-2022&adults=1&rooms=1&children=0&priceKey=%2Bkhj4MYg%2F5o4jkM68YMCBrzfDUtCwWjyUjAyFGNUbuuM2yqjkLe%2FtEz4%2FXYyWxYU
","92, Phan Chu Trinh, Quận Hải Châu, Đà Nẵng, Việt Nam",1,303.055đ,7.8,217,"['Xuất sắc\nDear Paradise Hotel, We would like to congratulate you on the outstanding and exceptional customer service that you showed in our previous trip to Da Nang (05th-07th March 2020) It’s a big gratitude & great satisfaction levels while dealing with VI NGUYÊN, he’s valued for your property, fast response & really concerned about customer needed while traveling. We are all very proud of you and appreciate your dedication and commitment. Your commitment is important for the organization and is one of the things that keeps us going forward. Thank you very much. Keep up the good work Best Regards Daniel Edwin & Mary J.Sigan', 'Một đi không trở lại\nVị trí gần nhà thờ để đi lễ cuối tuần, gần chợ Hàn để mua sắm đặc sản Đà Nẵng', 'Rất tốt', 'Xuất sắc\nGần cầu Sông Hàn, cầu Rồng, chợ Hàn. Xung quanh có nhiều nhà hàng, bar mở khuya thuận tiện cho việc tìm đồ ăn khuya.', 'Wonderful Staff and great location\nThe reception staff were wonderful, very friendly and very kind at all times, especially the receptionist named Vi, who found a large amount of money I had forgotten in my room when checking out. He contacted me at my next hotel in a different city to tell me that he had found my money, totalling several hundred US Dollars, and kept it safely for me until I returned to his hotel several days later to spend my last night on Vietnam there. I will never forget his honesty, friendliness and kindness.']","['American Express', 'Lễ tân 24h', 'Giữ hành lý', 'Bán tour', 'Internet miễn phí.', 'Dịch vụ giặt là', 'Giặt khô là hơi']","['Khách sạn Thái Bình Dương Đà Nẵng nằm ở trung tâm thành phố Đà Nẵng, gần các điểm tham quan nổi tiếng như Nhà hát Opera, Sông Hàn và Trung tâm thương mại. Khách sạn cách sân bay quốc tế Đà Nẵng, Chợ Hàn và Nhà Thờ lớn 10 phút lái xe.', 'Khách sạn có nhà hàng, quầy bar trong khuôn viên phục vụ ăn uống. Một số gợi ý nổi bật cho quý khách về địa điểm ăn uống lân cận có thể kể đến: Nhà hàng Chay Tâm Viên (3,2km), Nhà hàng Làng Nghệ (1,8km) và Chợ Hàn (0,7km).']","[('Mẹ Since 1995', '28 m'), ('Com Ga A.Hai', '40 m'), ('Cơm gà A.Hải', '62 m'), ('Quán Mì Quảng Bà Mua', '64 m'), ('Little Mango', '97 m'), ('Orange Hotel Restaurant', '102 m'), ('Boulevard Gelato & Coffee', '128 m'), ('Quao Dessert', '130 m')]"
ABC_DEMO,Khách Sạn White Crown,"['https://img.tripi.vn/cdn-cgi/image/width=1244,height=558/https://storage.googleapis.com/hms_prod/photo/img/459305noo/white-crown-hotel-0.jpg', 'https://img.tripi.vn/cdn-cgi/image/width=840,height=416/https://storage.googleapis.com/hms_prod/photo/img/459305htO/273152601_302194461939944_805450370766805926_n.jpg', 'https://img.tripi.vn/cdn-cgi/image/width=840,height=416/https://storage.googleapis.com/hms_prod/photo/img/459305cIB/vinh-ha-long.jpg', 'https://img.tripi.vn/cdn-cgi/image/width=840,height=416/https://storage.googleapis.com/hms_prod/photo/img/459305rQZ/canh-dep-ha-long-bay-4.jpg', 'https://img.tripi.vn/cdn-cgi/image/width=840,height=416/https://storage.googleapis.com/hms_prod/photo/img/459305HZo/khach-san-2-sao-o-bai-chay-2.jpg']","https://mytour.vn/khach-san/39733-khach-san-white-crown.html?checkIn=16-07-2022&checkOut=17-07-2022&adults=1&rooms=1&children=0&priceKey=%2Bkhj4MYg%2F5onRjS41DWlzWmNdWfEdMVDnyxYrROCvmv0cs4eNXxQAxS0DHrHJQD0
","11 Ngõ 17, Anh Đào, Thành Phố Hạ Long, Quảng Ninh, Việt Nam",3,NULL,7.8,10,"['Khách sạn sạch vị trí đẹp!\nRất thích vị trí trong ngõ này yên tĩnh những rất tiện đi lại, ăn uống. Khách sạn mới, sạch, phòng đẹp.', 'Phòng mới và sạch\nKhách sạn nằm trong ngõ nhưng gần Mường Thanh to đùng nên dễ tìm. Có chỗ đỗ oto, thang máy, phòng sạch với diện tích hợp lý và các đồ dùng tiện lợi đầy đủ. Nằm ở trung tâm nên tiện đi lại, ăn uống, vui chơi.', 'Ks đẹp va sach se , nếu co dịp se quay lai\nTốt\n1', 'First Time 501 - THE NOISIEST HOTEL I HAVE STAYED IN WORLDWIDE\nWould I use the White Crown again? Questionable. . For a new property it is a nice hotel and comfortable, meeting basic expectations. PROS * Staff are very friendly and accommodating. * Rooms well appointed. * Reception staff are willing to organise everything for you. * It is close to local shops, the markets, SUN World entertainment park and Queens Cable Car. * Provides breakfast. NB: A very, very limited selection on the menu. ** No cereals, basically egg omelette no fillings, fried eggs, ** fried sausage, a noodle dish ### A very noise hotel. The rooms t ARE NOT sound resistant or SMOKER friendly. ### Every sound in the corridors penetrates your room. ### When people smoke in the corridors the smoke and smell enters your room. ### When you speak speak to the night manager he tells you to put a towel along your door. This is useless as are no door trims to prevent smoke access. You will find a 3mm gap around the doors. #### WE WERE WOKEN AND HAD VERY LITTLE SLEEP DUE TO THE NOISE FACTOR. #### #### THE REASON THE DUTY MANAGER WAS RELUCTANT TO ADDRESS THE ISSUES WAS HE WAS FRIENDS WITH THE NOISY GUESTS. THE DUTY MANAGER TOLD US THAT THERE WAS LITTLE HE COULD DO AS THE GUESTS WERE VIETNAMESE. #### #### THE DUTY MANAGER WAS PART OF THE 0630 NOISY PARTY & SEEN BY MY AND I ENTERING & JOINING THE NOISY GUESTS ROOM 504 WITH THEM AT 0645 IN THE MORNING. #### ===== IF I COULD I WOULD ASK FOR MY MONEY BACK FOR THE NIGHTS ACCOMMODATION =====', 'Not a 5* experience but ok.\nThe hotel is decent enough with all the facilities needed and moderately clean, disregarding black bits of dirt/ fluff on the beds upon arrival- but for backpackers that was very minor for us. The staff are ok although, without fail we would receive continuous knocking on our door at 8am in the morning by the cleaners asking to clean the rooms, this was extremely frustrating when you love a lay in, especially on our first morning having had a long day travelling the day before. (We stayed four nights and this happened every morning without fail) but this shouldn’t be an issue If you are an early riser:) The WiFi was very weak in our room and when asking reception they suggested leaving our room door open to receive some signal (not very helpful). In saying this, the staff were helpful with our transport back to Hanoi, ringing ahead for us. This hotel is a nice hotel located in an ok area although it is VERY quiet along with the hotel as we were the only guests in the whole 8 story building. You will have a pleasant stay here if you aren’t bothered about the Above issues.']","['Bãi đỗ xe', 'Đưa/đón khách sân bay', 'Cho thuê xe máy', 'Bán tour', 'Trợ giúp đặc biệt', 'Giữ hành lý', 'Lễ tân 24h']","['Khách Sạn White Crown là nơi cung cấp dịch vụ lưu  trú lý tưởng cho sự vui vẻ và thư giãn của Quý khách.', 'Khách Sạn White Crown là một nơi nghỉ dưỡng đạt tiêu chuẩn với các dịch vụ tiện nghi như: wifi miễn phí, trà, coffee, nước uống miễn phí, hồ bơi, phòng tập gym (sân thượng),.... đảm bảo mang đến cho khách hàng sự thoải mái nhất. Với thiết kế thanh lịch và gần gũi, sang trọng, tất cả phòng của khách hàng đều có trang bị tiện nghi chu đáo. Các trang bị tiêu chuẩn trong phòng bao gồm: tivi, điều hòa, phòng tắm riêng Ngoài ra, khách sạn còn có thể gợi ý cho bạn những hoạt động vui chơi giải trí bảo đảm bạn luôn thấy hứng thú trong suốt kỳ nghỉ.']","[('The Zebra', '67 m'), ('Icon Burger', '67 m'), ('Nhà Hàng Four Seasons', '92 m'), ('Thai Coffee And Homestay', '306 m'), ('B127 Sun', '372 m'), ('Nhà Hàng Sri Rembau', '393 m'), ('Pub 115', '452 m'), ('Nhà Hàng Linh Đan', '500 m')]"
ABC_DEMO,Khách Sạn Dragon Hạ Long,"['https://img.tripi.vn/cdn-cgi/image/width=1244,height=558/https://storage.googleapis.com/hms_prod/photo/img/459801qmv/mpl00186-hdr-copy.jpg', 'https://img.tripi.vn/cdn-cgi/image/width=840,height=416/https://storage.googleapis.com/hms_prod/photo/img/459801tYA/mpl00191-hdr-copy.jpg', 'https://img.tripi.vn/cdn-cgi/image/width=840,height=416/https://storage.googleapis.com/hms_prod/photo/img/459801qGh/z3494515204116_33cf9fc4b84c5964e23b459cf89b3c05-copy.jpg', 'https://img.tripi.vn/cdn-cgi/image/width=840,height=416/https://storage.googleapis.com/hms_prod/photo/img/459801ndb/z3494515888172_92d46a952cf8a969d954cbfd4517da49-copy.jpg', 'https://img.tripi.vn/cdn-cgi/image/width=840,height=416/https://storage.googleapis.com/hms_prod/photo/img/459801pWR/mpl00324-copy.jpg']","https://mytour.vn/khach-san/53773-khach-san-dragon-ha-long.html?checkIn=16-07-2022&checkOut=17-07-2022&adults=1&rooms=1&children=0&priceKey=%2Bkhj4MYg%2F5pGZefkQzmS9dVfwlgS%2FIpw824L60dakniWmNiwODB%2Brev1wmrjtbyHvF6Ur%2BcGFT8%3D
","8 , Lộc Vừng 2 , Khu Premier Village , Đường Hạ Long , Thành Phố Hạ Long, Quảng Ninh, Việt Nam",3,852.946đ,8.4,0,[],"['Bãi đỗ xe', 'Cho thuê xe máy', 'Giữ hành lý', 'Báo thức', 'Trợ giúp đặc biệt', 'Lễ tân 24h', 'Internet miễn phí.']","['Khách Sạn Dragon Hạ Long là nơi cung cấp dịch vụ lưu  trú lý tưởng cho sự vui vẻ và thư giãn của Quý khách.', 'Khách Sạn Dragon Hạ Long là một nơi nghỉ dưỡng đạt tiêu chuẩn với các dịch vụ tiện nghi như: wifi miễn phí, nước uống miễn phí,... đảm bảo mang đến cho khách hàng sự thoải mái nhất. Với thiết kế thanh lịch và gần gũi, sang trọng, tất cả phòng của khách hàng đều có trang bị tiện nghi chu đáo. Các trang bị tiêu chuẩn trong phòng bao gồm: tivi, điều hòa, phòng tắm riêng Ngoài ra, khách sạn còn có thể gợi ý cho bạn những hoạt động vui chơi giải trí bảo đảm bạn luôn thấy hứng thú trong suốt kỳ nghỉ.']",[]
ABC_DEMO,Khách sạn Việt Mỹ,"['https://img.tripi.vn/cdn-cgi/image/width=1244,height=558/https://storage.googleapis.com/hms_prod/photo/img/1616647713442Mp/169265981.jpg', 'https://img.tripi.vn/cdn-cgi/image/width=840,height=416/https://storage.googleapis.com/hms_prod/photo/img/1616647744219rv/169265974.jpg', 'https://img.tripi.vn/cdn-cgi/image/width=840,height=416/https://storage.googleapis.com/hms_prod/photo/img/1616647744114lF/169355949.jpg']","https://mytour.vn/khach-san/48350-khach-san-viet-my.html?checkIn=16-07-2022&checkOut=17-07-2022&adults=1&rooms=1&children=0&priceKey=%2FF6T3StyQjmzoexGUhWj7Y2jWNss2jiGHvuP3MF%2BZlNGdF0Lutu8wPADbECIHsDl
","38 Ngõ 139 , Mỹ Đình, Quận Nam Từ Liêm, Hà Nội, Việt Nam",2,NULL,7.0,0,[],"['Giữ hành lý', 'Lễ tân 24h', 'Internet miễn phí.']","['Hotel Việt Mỹ cung cấp chỗ nghỉ tại thành phố Hà Nội, cách Sân vận động Mỹ Đình 2,8 km và Bảo tàng Dân tộc học Việt Nam 4,4 km. Tất cả các phòng tại đây đều được trang bị TV truyền hình cáp màn hình phẳng, phòng tắm riêng và sân hiên.', 'Các phòng của khách sạn còn có ấm đun nước và tủ lạnh.']","[('Chùa Láng', '2.7 km'), ('Công viên Thủ Lệ', '3.2 km'), ('Hồ Ngọc Khánh', '3.7 km'), ('Bảo tàng Pháo binh', '3.8 km'), ('Lotte Center Hà Nội', '3.9 km'), ('Công viên Indira Gandhi', '4.1 km'), ('Đình Làng Thành Công', '4.1 km'), ('Trung tâm Chiếu phim Quốc gia', '4.1 km')]"
ABC_DEMO,Khách Sạn Busan,"['https://img.tripi.vn/cdn-cgi/image/width=1244,height=558/http://pix6.agoda.net/hotelImages/859621/-1/cedfdaf3f176a8d835429cf3826fd534.jpg?s=1024x768', 'https://img.tripi.vn/cdn-cgi/image/width=840,height=416/http://pix6.agoda.net/hotelImages/859621/-1/c97961d9e110f8e220d7e60c9f47f271.jpg?s=1024x768', 'https://img.tripi.vn/cdn-cgi/image/width=840,height=416/http://pix6.agoda.net/hotelImages/859621/-1/c652471e392d2334f4ff13fda8690c09.jpg?s=1024x768', 'https://img.tripi.vn/cdn-cgi/image/width=840,height=416/https://www.googleapis.com/download/storage/v1/b/hotelcdn/o/3506%2FWFNXNBD86A_2d6a3f500051e1779e9bef6a78b60319.jpg?generation=1588062965971291&alt=media']","https://mytour.vn/khach-san/3506-khach-san-busan.html?checkIn=16-07-2022&checkOut=17-07-2022&adults=1&rooms=1&children=0&priceKey=%2FF6T3StyQjmzoexGUhWj7Y2jWNss2jiGpppEbJbCjSXS%2BrAx8lavB8wpxZBtozkK
","210, Trần Duy Hưng, Quận Cầu Giấy, Hà Nội, Việt Nam",3,494.207đ,8.2,20,"['Khách sạn sạch sẽ và giá khá ổn\nKhách sạn sạch sẽ, trang thiết bị cũng đầy đủ. Giá cả ổn so với khu vực xung quanh. Lần tới tôi sẽ quay lại', 'Nhân viên nhiệt tình\nCác bạn nhân viên nhiệt tình, dễ thương! Phòng tạm ổn, không có gì quá đặc sắc. Cần cải thiện hơn nữa', 'Đánh giá cao đồ ăn sáng\nĐồ ăn sáng không chỉ có đồ Âu mà còn cả bánh cuốn Việt Nam. Rất ấn tượng vì các bạn nhân viên phục vụ chu đáo', 'Rất tốt trong tầm giá\nKhách sạn ở vị trí thuận lợi. Sạch sẽ. Nhân viên nhiệt tình. Xung quanh cũng nhiều hàng quán. Sẽ quay lại lần sau', 'Ok!\nKhách sạn ở vị trí thuận lợi. Sạch sẽ.']","['Giữ hành lý', 'Lễ tân 24h', 'Internet miễn phí.', 'Lối vào người khuyết tật', 'Thang máy', 'Điều hoà nhiệt độ', 'Không hút thuốc']","['Busan Hotel nằm ở thành phố Hà Nội, cách Hồ Tây thanh bình khoảng 6 km. Khách sạn này nằm trong bán kính khoảng 2,9 km từ Trung tâm Triển lãm Giảng Võ, 3,5 km từ Bảo tàng Dân tộc học Việt Nam và 3,8 km từ Bảo tàng Không quân Việt Nam. Sân bay quốc tế Nội Bài cách đó 23 km.', 'Một số địa điểm ẩm thực nơi nghỉ được đánh giá cao như: nhà hàng Korea Visa Application Center cách nơi nghỉ 100m, Vincom Centre cách đó khoảng 300m, nhà hàng Nét Huế, nhà hàng Sông Quê cách nơi nghỉ khoảng 700m...']","[('RuNam Bistro', '52 m'), ('Nhà Hàng Le Jardin', '72 m'), ('San Fu Lou - Vincom Trần Duy Hưng', '181 m'), ('Paula’s Wines', '280 m'), ('Chùa Láng', '1.7 km'), ('Khu đô thị Royal City', '2 km'), ('Trung tâm Chiếu phim Quốc gia', '2.1 km'), ('Công viên Indira Gandhi', '2.1 km')]"
ABC_DEMO,Khách sạn Ruby Star RedDoorz,"['https://img.tripi.vn/cdn-cgi/image/width=840,height=416/https://storage.googleapis.com/hms_prod/photo/img/456705QsUOnt/z3097366866476_e5b02455f4784d56e394210a4b3f0952.jpg', 'https://img.tripi.vn/cdn-cgi/image/width=840,height=416/https://storage.googleapis.com/hms_prod/photo/img/456705dOLSrW/z3097368241326_31946812bf3c05b5d528696cfb40562b.jpg', 'https://img.tripi.vn/cdn-cgi/image/width=840,height=416/https://storage.googleapis.com/hms_prod/photo/img/456705fPGErA/z3097365899760_2ee8b232def7ea49e3ef23b9e1edcb4a.jpg', 'https://img.tripi.vn/cdn-cgi/image/width=840,height=416/http://pix6.agoda.net/hotelImages/237/237280/237280_15060509370028595607.jpg?s=1024x768']","https://mytour.vn/khach-san/2536-khach-san-ruby-star-reddoorz.html?checkIn=16-07-2022&checkOut=17-07-2022&adults=1&rooms=1&children=0&priceKey=%2Bkhj4MYg%2F5oYFM8dC2YAKRw4b%2Fe5dTbFH6Jo5%2FN3ojftv62Mu1GcW7HAsIKB7si2
","43, Trương Định, Quận 3, Hồ Chí Minh, Việt Nam",2,368.861đ,7.6,238,"['Đánh giá !!\nPhòng ở thì máy lạnh cũ nên chạy kêu to, và hay bị tắt khi đạt đủ độ lạnh, nên tôi cứ phải bật lại hoài, khá bất tiện. Vì vậy tôi tắt máy lạnh luôn và mượn quạt thì khi mở quạt cũng kêu to. Chỉ có nhược điểm là vậy thôi chứ còn lại mọi thứ khác cũng ổn.', 'Nice location\nVery good location', 'Tàm tạm', 'Rất tốt', 'Dễ chịu']","['Đưa/đón khách sân bay', 'Bãi đỗ xe', 'Thu đổi ngoại tệ', 'Trợ giúp đặc biệt', 'Báo thức', 'Giữ hành lý', 'Đặt vé xe/máy bay']","['(* Tiếng Việt bên dưới)', 'Peaceful pace of life in the heart of the city.', 'Ruby Star RedDoorz Hotel is a combination of ideal values, comfort and convenience, resonating with the romantic scene under warm yellow lights, bringing peace of mind. You can watch the night sky with the vibrant and gentle space, the street lights glimmering under the branches of distant houses bring a sense of peace. Ruby Star RedDoorz Hotel  will bring the most comfortable resting experiences for you.']","[('Sushi Ba Con Sóc', '16 m'), ('The Coffee House', '43 m'), ('NOMAD Cold Brew Coffee', '60 m'), ('Nhà Hàng Mon Antisushi', '73 m'), ('Bún chả vỉa hè - Chị Hường', '1.2 km')]"
ABC_DEMO,RedDoorz Nguyen Khang Hotel,"['https://img.tripi.vn/cdn-cgi/image/width=1244,height=558/https://storage.googleapis.com/hms_prod/photo/img/457928kxz/temperature-check.jpg', 'https://img.tripi.vn/cdn-cgi/image/width=840,height=416/https://storage.googleapis.com/hms_prod/photo/img/457928Dfn/full-kit.jpg', 'https://img.tripi.vn/cdn-cgi/image/width=840,height=416/https://storage.googleapis.com/hms_prod/photo/img/457928Rmb/img_4163.jpg.jpg', 'https://img.tripi.vn/cdn-cgi/image/width=840,height=416/https://storage.googleapis.com/hms_prod/photo/img/457928QnD/img_4203-edit.jpg.jpg', 'https://img.tripi.vn/cdn-cgi/image/width=840,height=416/https://storage.googleapis.com/hms_prod/photo/img/457928pWY/hygiene-pass.jpg']","https://mytour.vn/khach-san/50549-reddoorz-nguyen-khang-hotel.html?checkIn=16-07-2022&checkOut=17-07-2022&adults=1&rooms=1&children=0&priceKey=%2Bkhj4MYg%2F5qIh%2FZm4VT2oGathudgLhMBTF9x7P%2FmWPgt4R7trq8GaxIYz8QTpxxx
","Số 50, Đường Số 5, Phường An Phú, District 2, Hcm, Số 5, Quận 2, Hồ Chí Minh, Việt Nam",2,244.176đ,8.4,0,[],"['Đưa/đón khách sân bay', 'Bãi đỗ xe', 'Giữ hành lý', 'Lễ tân 24h', 'Trợ giúp đặc biệt', 'Báo thức', 'Thu đổi ngoại tệ']","['(* Tiếng Việt bên dưới.)', ' ', 'With a simple modern design, RedDoorz Nguyen Khang has a full range of room types suitable for any demands of visitors.']",[]
ABC_DEMO,Khách sạn Nagar Nha Trang,"['https://img.tripi.vn/cdn-cgi/image/width=1244,height=558/https://storage.googleapis.com/hms_prod/photo/img/2686aQ/screenshot_1624784730_result.png', 'https://img.tripi.vn/cdn-cgi/image/width=840,height=416/https://storage.googleapis.com/hms_prod/photo/img/2686Uo/screenshot_1624784408_result.png', 'https://img.tripi.vn/cdn-cgi/image/width=840,height=416/https://storage.googleapis.com/hms_prod/photo/img/2686EJ/screenshot_1624784270_result.png', 'https://img.tripi.vn/cdn-cgi/image/width=840,height=416/https://storage.googleapis.com/hms_prod/photo/img/2686Jx/screenshot_1624784108_result.png', 'https://img.tripi.vn/cdn-cgi/image/width=840,height=416/https://storage.googleapis.com/hms_prod/photo/img/2686HQ/screenshot_1624784085_result.png']","https://mytour.vn/khach-san/29618-khach-san-nagar-nha-trang.html?checkIn=16-07-2022&checkOut=17-07-2022&adults=1&rooms=1&children=0&priceKey=%2Bkhj4MYg%2F5qc5R8czDGixhSA9xVPQb1Gdy%2FwjiqymS%2FOlb66oCTLVQOtgZtEo2SJ
","1i, Quân Trấn - Hùng Vương, Thành Phố Nha Trang, Khánh Hòa, Việt Nam",4,NULL,9.4,121,"['khach quan\ntốt', 'Great location\nReally close to everything. Staff very helpful and Friendly', 'Khách sạn sạch sẽ, vị trí trung tâm, bể bơi nước mặt rất tuyệt\nMình ở tại Nagar đầu tháng 10/2020 và thấy rất hài lòng: nhân viên thân thiện, phòng thoáng view đẹp (phòng 1906 2 view hướng biển), thang máy nhanh, nước nóng lạnh mạnh. Đặc biệt bể bơi nước mặt trên tầng 23 rộng, nước cực trong và view đẹp. Hy vọng ks sớm có nhiều khách trở lại sau mùa dịch. Sẽ tiếp tục ủng hộ ks khi tới Nha Trang lần sau', 'Great place to enjoy our vacation\nNice room with great view, Very close to the beach.', 'Tuyệt vời\nMặc dù trong mùa covid phải cắt giảm tối đa chi phí vận hành nhưng mình cảm thấy những gì Nagar mang lại vượt trên sự kỳ vọng của mình. Nhân viên thân thiện, phòng ốc sạch đẹp, tiện nghi.']","['Đưa/đón khách sân bay', 'Thu đổi ngoại tệ', 'Giữ hành lý', 'Trợ giúp đặc biệt', 'Báo thức', 'Đặt vé xe/máy bay', 'Lễ tân 24h']","['Tọa lạc tại vị trí thuận lợi ở Nha Trang, Khách sạn Nagar Nha Trang là một nơi nghỉ chân tuyệt vời để tiếp tục khám phá thành phố sôi động này. Nơi nghỉ chỉ cách trung tâm thành phố 1.5 Km và thông thường chỉ mất khoảng 40 phút để đến sân bay. Chỗ nghỉ có vị trí rất thuận tiện, du khách có thể thoải mái tham quan, khám phá các điểm du lịch nổi tiếng.']","[('Olivia Restaurant', '17 m'), ('Nhà hàng Hòn Kiến', '17 m'), ('Smoke Villa Lounge', '33 m'), ('Nhà hàng Anh', '42 m'), ('Bella Ciao Club Nha Trang', '224 m')]"
ABC_DEMO,Khách Sạn Monica Nha Trang ,"['https://img.tripi.vn/cdn-cgi/image/width=1244,height=558/https://www.googleapis.com/download/storage/v1/b/hotelcdn/o/38435%2F46XHAHSIGE_204391532.jpg?generation=1586161418261313&alt=media', 'https://img.tripi.vn/cdn-cgi/image/width=840,height=416/https://storage.googleapis.com/hms_prod/photo/img/458327rVS/277793743_1134687730686779_4906727108718801101_n.jpg', 'https://img.tripi.vn/cdn-cgi/image/width=840,height=416/https://storage.googleapis.com/hms_prod/photo/img/2686aV/dsc_0554_done-1.jpg']","https://mytour.vn/khach-san/38435-khach-san-monica-nha-trang.html?checkIn=16-07-2022&checkOut=17-07-2022&adults=1&rooms=1&children=0&priceKey=%2Bkhj4MYg%2F5rgQFyfG4GcQy5Hkz5Mi4%2Fql%2FSCGsA%2Biq032YwjyLJVMrv9l6dQGbQ8
","50, Bắc Sơn, Thành Phố Nha Trang, Khánh Hòa, Việt Nam",4,740.318đ,9.2,14,"['Kỳ nghỉ vui và nhiều kỷ niệm đẹp.\nKhách sạn có vị trí khá xa trung tâm thành phố. Nhân viên tốt bụng, thân thiện và nhiệt tình. Tôi ở đây 5 ngày cùng những người bạn và sẽ quay trở lại đây khi có dịp.', 'Khách sạn tuyệt hảo.\nChúng tôi đã lấy một căn phòng có tầm nhìn ra biển ở tầng 10. Khách sạn có chất lượng tốt xứng đáng với giá tiền. Thực đơn bữa sáng có nhiều món châu Á và Âu. Hồ bơi trên tầng 19 rất đẹp.', 'Khách sạn rất sạch sẽ\nMình rất ưng vì khách sạn sạch sẽ, còn mới. Đồ nội thất trong phòng sang trọng. Thực đơn bữa sáng nếu đa dạng hơn nữa thì tuyệt vời. Vị trí hơi xa cung đường Trần Phú, nhưng nhà mình có xe hơi riêng nên không sao cả.', 'Khách sạn thật tuyệt.\nKhách sạn ở vị trí đắc địa, chỉ cách bãi biển 50-100m, dối diện là siêu thị nên thuận tiện mua sắm. Nhân viên rất thân thiện và dễ mến, hỗ trợ làm thủ tục nhận phòng rất nhanh chóng. Khách sạn yên tĩnh và thoải mái, phòng sáng sủa, rộng rãi,', 'Chuyến du lịch thú vị\nKhách sạn ở vị trí tốt, thuận tiện di chuyển. Nhân viên thân thiện, nhiệt tình. Bữa sáng được phục vụ chu đáo và ngon. Tuy nhiên phòng ở đây chưa được cách âm tốt.']","['American Express', 'Bãi đỗ xe', 'Cho thuê xe đạp', 'Đưa/đón khách sân bay', 'Xe đưa đón tham quan', 'Phòng gym', 'Trợ giúp đặc biệt']","['Nằm trên đường Bắc Sơn, khách sạn Monica Nha Trang chỉ cách bãi đá Hòn Chồng 250m. Với khoảng cách gần biển đến vậy, du khách cảm nhận được gió biển và mùi hương mặn mòi của biển ngay tại sảnh khách sạn. Khách sạn còn sắp xếp sẵn ghế dài và bàn ghế trên bãi biển để bạn tận hưởng không khí trong lành và nghỉ ngơi ngay bên bờ sóng vỗ. Khu vực bể bơi của khách sạn luôn trong tình trạng sạch sẽ và mát mẻ, hoạt động quanh năm. Du khách không chỉ bơi lội thỏa thích mà còn có thể nằm nghỉ ngơi bên cạnh với ghế dài và ô che nắng. Phòng tập gym của khách sạn với trang thiết bị hiện đại luôn sẵn sàng phục vụ, để quý khách duy trì thói quen thể dục thể thao. Ngoài ra, khách sạn Monica Nha Trang cũng cung cấp các dịch vụ chăm sóc sức khỏe phù hợp với mọi lứa tuổi. Không thể không kể đến khu vực nhà hàng và cà phê phục vụ nhu cầu ăn uống của du khách. Đồ ăn của nhà hàng luôn nhận được sự yêu thích của khách hàng khi đến đây, bởi lẽ không cần đi đâu xa, du khách cũng có một menu đa dạng, phong phú ngay trước mắt. Với thiết kế hiện đại và không gian rộng rãi, thoáng mát, du khách có thể dành thời gian thưởng thức những đặc sản của miền biển bên gia đình và người thân. Bên cạnh đó, khách sạn cũng cung cấp dịch vụ đưa đón sân bay hai chiều, vô cùng thuận tiện. Dịch vụ lễ tân và bảo vệ luôn túc trực 24/7, sẵn sàng giải đáp mọi thắc mắc cũng như yêu cầu của khách hàng.']","[('Ea Trang Food & Coffee', '100 m'), ('Chu BBQ', '121 m'), ('MariSan', '139 m'), ('Hải Sản Đất Việt', '154 m'), ('Bella Ciao Club Nha Trang', '4.8 km')]"
ABC_DEMO,Thanh Kiều Beach Resort Phú Quốc,"['https://img.tripi.vn/cdn-cgi/image/width=840,height=416/https://storage.googleapis.com/hms_prod/photo/img/458426ZWV/280535279.jpg', 'https://img.tripi.vn/cdn-cgi/image/width=840,height=416/https://storage.googleapis.com/hms_prod/photo/img/458426KoK/178852300.jpg', 'https://img.tripi.vn/cdn-cgi/image/width=840,height=416/https://storage.googleapis.com/hms_prod/photo/img/458426RFx/100847039.jpg', 'https://img.tripi.vn/cdn-cgi/image/width=840,height=416/https://storage.googleapis.com/hms_prod/photo/img/458426Epe/246006131.jpg']","https://mytour.vn/khach-san/1435-thanh-kieu-beach-resort-phu-quoc.html?checkIn=16-07-2022&checkOut=17-07-2022&adults=1&rooms=1&children=0&priceKey=%2Bkhj4MYg%2F5rACp5kD2egL3oql3wDrB8eWZ3bFeS3zbtdLap5R4Nnos4sf%2F%2BdQTtLMzs7jZO4LNk%3D
","100c/14, Trần Hưng Đạo, Phú Quốc, Kiên Giang, Việt Nam",3,944.577đ,8.2,366,"['Kì nghỉ Hoàn Hảo, Đáng Tiền\nMặt tiền bãi biển đẹp, với một quầy bar rất đẹp phục vụ đồ ăn ngon giá cả hợp lý quá cho một cơ sở trước bãi biển. Yêu thích hồ bơi lớn nhìn qua những chiếc ghế dài râm mát. Các nhà gỗ đã hơi cũ kỹ. giường hơi cứng, nhưng đủ thoải mái. Chúng tôi cảm thấy rất an toàn tại Resort này. Chúng tôi chọn khách sạn này sau khi xem xét khá nhiều khách sạn dọc theo đường vào. Các nhà gỗ và khuôn viên được bố trí tốt và được bảo trì đẹp mắt. Có một khu vực nhà hàng ăn sáng lớn được chỉ định. Bữa sáng tự chọn rất tuyệt vời với nhiều sự lựa chọn. Các quản lý và nhân viên đều rất thân thiện và siêu hữu ích. Tôi thường nghĩ về họ và họ đã sống như thế nào trong thời gian khó khăn này. Chúng tôi đã ở tại Thank Kieu Resort vào tuần trước trước khi khóa máy, và thành thật mà nói chúng tôi rất muốn trở lại sớm vào một ngày nào đó, mặc dù hiện tại khóa máy chỉ nằm mơ ở Anh.', 'Kỳ nghỉ tuyệt vời, tuy nhiên cần cải thiện!\nNhân viên ở đây cực kỳ nhiệt tình, mình đến check-in lúc 10h mà nhân viên cho mình check-in sớm luôn. Còn phòng và không gian resort không có gì để chê. Lưu ý nhỏ vì resort rộng và cây cối nhiều nên khá nhiều muỗi đó là điều phải chấp nhận. Bạn nên dự phòng thuốc xịt đuổi muỗi cho bản thân trước khi đến chứ xong không có rồi chấm điểm thấp resort tội lắm.', ""Chúng tôi ở lại trong 5 đêm và tận hưởng mỗi ngày của nó. Nếu chúng tôi trở lại PQ, chúng tôi sẽ ở lại đây một lần nữa.\nChúng tôi ở trong nhà gỗ nhìn ra biển (B22). Đó là một vị trí tuyệt vời - cách biển 50 m và cách hồ bơi vô cực 10 m. Bãi biển - đủ sạch (có một số rác nhưng không đủ để ngăn bạn bơi) Phòng - rộng rãi, được dọn dẹp hàng ngày, khăn tắm và thùng rác được thay hàng ngày, vòi sen lớn ngoài trời trên cao và một vòi sen thông thường khác. Giường có gối thoải mái và màn chống muỗi. Nệm có thể tốt hơn. Nó có thể hơi khó đối với một số người, nhưng chúng tôi thấy nó ổn. Cho thuê xe đạp - 150K / ngày với xe đạp đủ tốt. Nhân viên - rất, rất thân thiện, có sức chứa và hữu ích. Sẽ cung cấp cho một ngôi sao bổ sung chỉ cho họ. Hồ bơi - được làm sạch hàng ngày nhưng điều duy nhất khiến chúng tôi ngạc nhiên là số lượng người đi bơi mặc quần áo thường ngày chứ không phải đồ bơi. Vị trí - trong thị trấn, các địa điểm ăn uống rất dễ tiếp cận (muốn giới thiệu Spices (bên cạnh), nhà hàng hải sản Xin Chao, món ăn Ấn Độ Ganesh, quán ăn Saigonse, quán Hidden Bar (cocktail tuyệt vời), Crab House, Winston's Burger, nhà hàng hải sản Phượng Hoàng, Quán bar trên bãi biển của Rory. Bữa sáng - phục vụ từ 7-9 giờ sáng hàng ngày. Thức ăn là sự pha trộn giữa châu Á và phương Tây. Món bún mọc biến tấu ngon mỗi ngày."", 'Xuất sắc, xứng đáng với giá tiền\nGiá cả hợp lý, nhân viên tốt bụng và vị trí tốt nhất. Tôi và bạn bè của tôi nhận thấy rằng Thank Kieu Beach Resort có bãi biển đẹp nhất trong số các khách sạn cùng tuyến bãi biển. Có rất nhiều ghế dài và giường tắm nắng trên bãi biển, do đó bạn có thể thưởng thức quang cảnh đại dương và sau đó chỉ cần nhảy xuống nước ngay lập tức. Và khu vườn thật đẹp. Được bao quanh bởi cây ăn trái nhiệt đới và hoa, cảm giác thật tuyệt! Phòng cũng sạch sẽ và thoải mái. Tuy nhiên, bạn phải lưu ý rằng áp lực nước vòi sen yếu và có muỗi ở khắp mọi nơi. Tôi thực sự thích ở khách sạn này.', 'Xuất sắc, xứng đáng với giá tiền\nVị trí rất đẹp, gần hồ bơi và bãi biển. Khó khăn là những căn nhà gỗ đã cũ và rất nhiều muỗi trong phòng. Vật dụng thiết yếu chống côn trùng.']","['American Express', 'Cho thuê xe hơi', 'Bãi đỗ xe', 'Cho thuê xe máy', 'Đưa/đón khách sân bay', 'Đặt vé xe/máy bay', 'Thu đổi ngoại tệ']","['Thanh Kiều Beach Resort Phú Quốc tọa lạc hướng tây của đảo Phú Quốc, cách thị trấn Dương Đông 2km, chỉ mất 15 phút đi từ sân bay và 40 phút đi bằng xe buýt từ bến tàu. Đây là một nơi để thư giãn, xóa tan mọi sự ồn ào náo nhiệt ở bên ngoài để có thể tận hưởng sự yên bình và thoải mái.', 'Thanh Kiều Beach Resort Phú Quốc chỉ cách những bãi cát trắng của Long Beach vài bước chân. Resort này gồm 37 phòng và bungalow ẩn mình trong khu vườn nhiệt đới với cây cỏ, hoa lá xanh tươi. Các bungalow có sân hiên riêng với tầm nhìn ra quang cảnh biển hoặc vườn cây. Trong các bungalow đều có Wi-Fi miễn phí.']","[('Thanh Kiều Beach Bar & Restaurant', '31 m'), ('The Spice House at Cassia Cottage', '133 m'), (""Hardy's German - Nhà Hàng Việt Đức Bánh Mì & Cà Phê"", '171 m'), ('Nhà hàng Canary (Tiệm ăn-Tiệm Cafe Nhà Ca)', '241 m'), ('Nhà hàng Phương Bình House', '286 m'), ('The Cheeky Traveller English Pub', '291 m'), ('Colors Bar Restaurant', '306 m'), ('Quán rượu The Rabbit Hole Irish Bar', '310 m')]"
ABC_DEMO,The Costis Phú Quốc Hostel,"['https://img.tripi.vn/cdn-cgi/image/width=1244,height=558/https://storage.googleapis.com/hms_prod/photo/img/457610zaX/295875838.jpg', 'https://img.tripi.vn/cdn-cgi/image/width=840,height=416/https://storage.googleapis.com/hms_prod/photo/img/457610zZR/294153924.jpg', 'https://img.tripi.vn/cdn-cgi/image/width=840,height=416/https://storage.googleapis.com/hms_prod/photo/img/457610YZx/258193735.jpg', 'https://img.tripi.vn/cdn-cgi/image/width=840,height=416/https://storage.googleapis.com/hms_prod/photo/img/457610hLQ/258193737.jpg', 'https://img.tripi.vn/cdn-cgi/image/width=840,height=416/https://storage.googleapis.com/hms_prod/photo/img/457610bah/294051652.jpg']","https://mytour.vn/khach-san/50531-the-costis-phu-quoc-hostel.html?checkIn=16-07-2022&checkOut=17-07-2022&adults=1&rooms=1&children=0&priceKey=%2Bkhj4MYg%2F5poV1yEr7HPFu23lPcIKsNVu1EwoAB%2BYo8dG88fBK5%2BjS6mOyYA5mDw
","Lô B1-1601, Khu Phố Thị Waterfront, Khu Phức Hợp Bãi Trường Tổ 5, Ấp Đường Bào, Phú Quốc, Kiên Giang, Việt Nam",3,677.721đ,8.4,0,[],"['Xe đưa đón tham quan', 'Cho thuê xe máy', 'Bãi đỗ xe', 'Cho thuê xe hơi', 'Đưa/đón khách sân bay', 'Lễ tân 24h', 'Giữ hành lý']","['The Costis Phú Quốc Hostel là nơi cung cấp dịch vụ lưu  trú lý tưởng cho sự vui vẻ và thư giãn của Quý khách.', 'The Costis Phú Quốc Hostel là một nơi nghỉ dưỡng đạt tiêu chuẩn với các dịch vụ tiện nghi như: wifi miễn phí, nước uống miễn phí,... đảm bảo mang đến cho khách hàng sự thoải mái nhất. Với thiết kế thanh lịch và gần gũi, sang trọng, tất cả phòng của khách hàng đều có trang bị tiện nghi chu đáo. Các trang bị tiêu chuẩn trong phòng bao gồm: tivi, điều hòa, phòng tắm riêng Ngoài ra, khách sạn còn có thể gợi ý cho bạn những hoạt động vui chơi giải trí bảo đảm bạn luôn thấy hứng thú trong suốt kỳ nghỉ.']",[]
ABC_DEMO,Khách Sạn Minh Đăng,"['https://img.tripi.vn/cdn-cgi/image/width=1244,height=558/https://storage.googleapis.com/hms_prod/photo/img/1616661182127sx/screenshot_6.jpg', 'https://img.tripi.vn/cdn-cgi/image/width=840,height=416/https://storage.googleapis.com/hms_prod/photo/img/1616661182387Lh/screenshot_2.jpg', 'https://img.tripi.vn/cdn-cgi/image/width=840,height=416/https://storage.googleapis.com/hms_prod/photo/img/1616661182572Yq/screenshot_8.jpg', 'https://img.tripi.vn/cdn-cgi/image/width=840,height=416/https://storage.googleapis.com/hms_prod/photo/img/1616661205501Hg/screenshot_1.jpg', 'https://img.tripi.vn/cdn-cgi/image/width=840,height=416/https://s3.ap-southeast-1.amazonaws.com/mytourcdn.com/resources/pictures/hotels/16/byu1420520315_khach-san-minh-dang.JPG']","https://mytour.vn/khach-san/902-khach-san-minh-dang.html?checkIn=16-07-2022&checkOut=17-07-2022&adults=1&rooms=1&children=0&priceKey=%2Bkhj4MYg%2F5qoImovAGJqqdgBWaRz1GCk6WDLGZx%2F89MVsmJqnuSe2QesjK1R3IXNbbceAzTKfKg%3D
","5, La Văn Cầu, Thành Phố Vũng Tàu, Bà Rịa Vũng Tàu, Việt Nam",1,959.123đ,8.4,704,"['Thuận tiện đi tắm biển\nGiá thành cũng bình dân, phòng thì cũng sạch sẽ, thuận tiện đi ra tắm biển vì gần lắm, có thể đi bộ được. ', 'Phòng ở mới\nPhòng ở mới, tiện nghi giống hình, vệ sinh cũng sạch sẽ, vị trí đi ra biển cũng gần. ', 'Khách sạn tốt\nLâu rồi mới ở lại Minh Đăng. Tính ra mình ở đây lần đầu từ 2016 rồi. Sau 4 năm thì cơ sở vật chất có cũ đi. Tiện nghi vẫn đầy đủ, có máy sấy tóc trong phòng. Địa điểm sát biển nên tiện đi bơi. Giá cả phải chăng, máy nước nóng hoạt động tốt. Nhân viên niềm nở, nhiệt tình. Hy vọng khách sạn đầu tư tân trang lại phòng ốc thêm', 'Ổn\nVới chất lượng phù hợp với giá cả. Phòng ốc khang trang và sạch sẽ. Nhân viên đón tiếp và phục vụ khách vui vẻ nữa. Nhìn chung cảm thấy ấn tượng và hài lòng dịch vụ này.', 'Rất tốt']","['Cho thuê xe máy', 'Lễ tân 24h', 'Internet miễn phí.', 'Dọn phòng hàng ngày', 'Dịch vụ giặt là']","['Khách sạn Minh Đặng tọa lạc ngay trung tâm bãi sau, cách biển 100m, khách sạn gần các địa điểm du lịch nổi tiếng: tượng chúa giang tay, đồi con heo, quảng trường, mũi nghinh phong, dốc con rồng...Sân bay gần nhất là sân bay Quốc Tế Tân Sơn Nhất, cách khách sạn 100km.', 'Được thiết kế theo phong cách hiện đại, khách sạn cung cấp các dịch vụ và tiện ích như:']","[('Milano Coffee', '113 m'), ('Streats', '159 m'), ('Tiệm Bánh Garden Bakery', '236 m'), ('King Coffee', '400 m'), ('The Pizza Company', '466 m'), ('Bún Hải Sản Bề Bề - Lộc Dương Quán', '495 m'), ('Partea - English Tearoom', '510 m'), ('Ốc Thiên Nhiên - Bãi Sau', '520 m')]"
ABC_DEMO,Khách Sạn Thùy Vân,"['https://img.tripi.vn/cdn-cgi/image/width=1244,height=558/http://pix6.agoda.net/hotelImages/255/255023/255023_15100109230036567751.jpg?s=1024x768']",https://mytour.vn/khach-san/1207-khach-san-thuy-van.html?checkIn=16-07-2022&checkOut=17-07-2022&adults=1&rooms=1&children=0&priceKey=%2Bkhj4MYg%2F5oZ%2BHFqOAHkhN1WPe1OTg4c%2FoQwg%2FWVEWxsgq0Hb1LF%2BDGFmvyMl%2BLbreHc7LYOhpM%3D,"115, Thuỳ Vân, Thành Phố Vũng Tàu, Bà Rịa Vũng Tàu, Việt Nam",3,1.605.544đ,7.8,267,"['Khách sạn thật tuyệt vời\nSạch sẽ, giá cả quá hợp lý cho sinh viên như em, gần bãi sau. Chú chủ thân thiện nhiệt tình. Tiện nghi ( nếu có giặt ủi nữa thì tuyệt vời). Ti vi không kết nối YouTube được.', 'Khá ổn\nKhách sạn có vị trí đối diện biển cũng khá thuận tiện. Nhân viên đón tiếp và phục vụ khách dễ thương. Tuy nhiên nếu được sửa chữa nâng cấp cơ sở vật chất lại sẽ ấn tượng hơn.', 'Phòng sạch sẽ\nLoại phòng tôi đặt nhận được cũng khá giống hình ảnh. Được đón tiếp phục vụ ân cần chu đáo. Vị trí cũng dễ dàng tìm kiếm và đi lại. Hài lòng về dịch vụ cũng như giá cả.', 'Khách sạn lâu năm\nKhách sạn này cũng lâu lắm rồi nên giờ cơ sở vật chất, trang thiết bị phòng ốc có dấu hiệu xuống cấp, cũ và không được sạch lắm. Được cái vị trí đắc địa, tiện ra biển và các hàng quán ăn uống. ', 'Cũng đạt yêu cầu\nVới tôi thì thấy chất lượng khách sạn này ở cũng được, đạt yêu cầu nên chưa có ý kiến gì. Vị trí đi lại cũng rất thuận tiện. \n']","['Giữ hành lý', 'Lễ tân 24h', 'Bán tour', 'Internet miễn phí.', 'Ủi đồ', 'Dọn phòng hàng ngày', 'Nhà hàng']","['Tọa lạc tại vị trí đắc địa, Khách sạn Thùy Vân nằm trên đường Thùy Vân, trung tâm khu Bãi Sau của thành phố Vũng Tàu, cách Bãi Trước, Bãi Dứa, Bãi Dâu 1,2 km. Trong số các điểm tham quan nổi tiếng gần khách sạn có Bãi Trước, Mũi Nghinh Phong và Tượng Chúa Ki-tô Vua. Sân bay gần nhất là sân bay quốc tế Tân Sơn Nhất, cách khách sạn 109 km.']","[('Streats', '350 m'), ('Romeliess Restaurant & Bar', '407 m'), ('Ốc Thiên Nhiên - Bãi Sau', '417 m'), ('Horizon Bar', '446 m'), ('The Pizza Company', '452 m'), ('Bún Hải Sản Bề Bề - Lộc Dương Quán', '481 m'), ('Tiệm Bánh Garden Bakery', '540 m'), ('Milano Coffee', '550 m')]"
