Url,Stars
"https://mytour.vn/khach-san/972-khach-san-imperial-ha-noi.html?checkIn=16-07-2022&checkOut=17-07-2022&adults=1&rooms=1&children=0&priceKey=%2FF6T3StyQjmzoexGUhWj7Y2jWNss2jiG4%2FVBmh3GfNiur3YPcf%2F2al%2Bl1ETH01drWBtMAViQi0I%3D
",4
"https://mytour.vn/khach-san/1486-khach-san-la-nueva-boutique-ha-noi.html?checkIn=16-07-2022&checkOut=17-07-2022&adults=1&rooms=1&children=0&priceKey=%2FF6T3StyQjmzoexGUhWj7Y2jWNss2jiGNCTo1jOtsMXLyl5z4BBVzqFLtfBFwMsg
",4
"https://mytour.vn/khach-san/470-khach-san-intercontinental-westlake-ha-noi.html?checkIn=16-07-2022&checkOut=17-07-2022&adults=1&rooms=1&children=0&priceKey=%2FF6T3StyQjmzoexGUhWj7Y2jWNss2jiGM%2FOluYSCsE5ceH%2Fl19C%2BnPcKkPd7lgE%2BO5Gi0BAdDCY%3D
",5
"https://mytour.vn/khach-san/971-khach-san-pullman-hanoi.html?checkIn=16-07-2022&checkOut=17-07-2022&adults=1&rooms=1&children=0&priceKey=%2FF6T3StyQjmzoexGUhWj7Y2jWNss2jiGg%2B5nQ3J%2F3yx4C%2B7MDZDJZldPvkASStzrM%2FQXSO1frtU%3D
",5
"https://mytour.vn/khach-san/48189-khach-san-novotel-thai-ha.html?checkIn=16-07-2022&checkOut=17-07-2022&adults=1&rooms=1&children=0&priceKey=%2FF6T3StyQjmzoexGUhWj7Y2jWNss2jiGzxPMnRDhSypoI3EcUGJ0ezywy8M%2FzDjwFmovK0i995Y%3D
",5
"https://mytour.vn/khach-san/238-khach-san-mercure-hanoi-la-gare.html?checkIn=16-07-2022&checkOut=17-07-2022&adults=1&rooms=1&children=0&priceKey=%2FF6T3StyQjmzoexGUhWj7Y2jWNss2jiGlmBmjiz%2FEp5Zt9Cs0QBXMa8lInRP2A6A
",4
"https://mytour.vn/khach-san/21676-khach-san-bella-rosa-suite.html?checkIn=16-07-2022&checkOut=17-07-2022&adults=1&rooms=1&children=0&priceKey=%2Bkhj4MYg%2F5qPG5fmmeJEypaWiW0I9bv6vd7d7lI5kq1Mf4v7Ylz%2Bl3Ami5rdiUwi
",3
"https://mytour.vn/khach-san/534-khach-san-cong-doan-quang-ba.html?checkIn=16-07-2022&checkOut=17-07-2022&adults=1&rooms=1&children=0&priceKey=%2Bkhj4MYg%2F5phADnYGSiB56qvrLTaJfFFmXSvPXN5JR6%2FifLIms7xWQQj8X0I1j%2FC
",2
"https://mytour.vn/khach-san/47866-khach-san-kegon.html?checkIn=16-07-2022&checkOut=17-07-2022&adults=1&rooms=1&children=0&priceKey=%2Bkhj4MYg%2F5pHz0ugXB3TN57JyCrcnn6da9qGwZ826fAJeCWV899%2BGTnUpclKEch7NeGw3kEBlPE%3D
",2
"https://mytour.vn/khach-san/49529-khach-san-a25-23-quan-thanh.html?checkIn=16-07-2022&checkOut=17-07-2022&adults=1&rooms=1&children=0&priceKey=%2FF6T3StyQjmzoexGUhWj7Y2jWNss2jiGBQozl4k5RH5WSCZF%2BcCMXM%2FtfLMiRFex
",0
"https://mytour.vn/khach-san/49182-khach-san-caravelle-sai-gon.html?checkIn=16-07-2022&checkOut=17-07-2022&adults=1&rooms=1&children=0&priceKey=%2FF6T3StyQjmzoexGUhWj7Y2jWNss2jiGzxPM0HXUT9agetRtN7MYhl1U%2BqZJW4meqSmnCZDP29Q%3D
",5
"https://mytour.vn/khach-san/109-khach-san-renaissance-riverside-sai-gon.html?checkIn=16-07-2022&checkOut=17-07-2022&adults=1&rooms=1&children=0&priceKey=%2FF6T3StyQjmzoexGUhWj7Y2jWNss2jiGJ9fGT9N4bhsdEbaqMlHMVhmTVTn81wtRmw7VRK0tR3U%3D
",5
"https://mytour.vn/khach-san/45549-khach-san-la-vela-saigon.html?checkIn=16-07-2022&checkOut=17-07-2022&adults=1&rooms=1&children=0&priceKey=%2FF6T3StyQjmzoexGUhWj7Y2jWNss2jiGFsTbquV688QVYgBmRSvdm3uwoTi17rkWALWKy6tAYno%3D
",5
"https://mytour.vn/khach-san/29821-khach-san-lotus-central.html?checkIn=16-07-2022&checkOut=17-07-2022&adults=1&rooms=1&children=0&priceKey=%2FF6T3StyQjmzoexGUhWj7Y2jWNss2jiG3m5T7FvrbQpaemZVJSLLY7HnsTCmmn5p
",4
"https://mytour.vn/khach-san/46380-khach-san-icon-saigon-lifestyle-design.html?checkIn=16-07-2022&checkOut=17-07-2022&adults=1&rooms=1&children=0&priceKey=%2FF6T3StyQjmzoexGUhWj7Y2jWNss2jiG23SGAQi26GOwjRgPXy9m7eaWMSGT2oGaHmrChcYFsV8%3D
",4
"https://mytour.vn/khach-san/50255-khach-san-8b.html?checkIn=16-07-2022&checkOut=17-07-2022&adults=1&rooms=1&children=0&priceKey=%2Bkhj4MYg%2F5q%2FdHa6Wwm9C4vw1QyJyCnxKvu%2BAcmK%2BDLMYR1xAbRDHaRyKcAnVw0g
",3
"https://mytour.vn/khach-san/949-khach-san-ky-hoa-tp-ho-chi-minh.html?checkIn=16-07-2022&checkOut=17-07-2022&adults=1&rooms=1&children=0&priceKey=%2Bkhj4MYg%2F5rV0sQvk%2FqsFWFi%2FdjlT0UTRT8hIbg1DprkFU6h9isL%2Bx3550vDpLj%2F
",1
"https://mytour.vn/khach-san/1154-harmony-saigon-hotel-and-spa.html?checkIn=16-07-2022&checkOut=17-07-2022&adults=1&rooms=1&children=0&priceKey=%2Bkhj4MYg%2F5oxmrx7FNkOwU9Lw%2FVRk%2F%2F139k95phx%2FaynP2y7rjYsYMJuuiJtamSecnnfAbv%2F%2BpU%3D
",4
"https://mytour.vn/khach-san/5793-khach-san-eden-star-sai-gon.html?checkIn=16-07-2022&checkOut=17-07-2022&adults=1&rooms=1&children=0&priceKey=%2Bkhj4MYg%2F5oz0DDJBhoGRy0C4SWmPfBuysxVQh%2FVA0ySNiFBn%2BUXevmfSWa5YbFUG417%2Bxvk3LE%3D
",4
"https://mytour.vn/khach-san/243-khach-san-sammy-da-lat.html?checkIn=16-07-2022&checkOut=17-07-2022&adults=1&rooms=1&children=0&priceKey=%2Bkhj4MYg%2F5qhPofg22I0qBr%2F%2BlKYiixXFtwyonfaHCRgWyVvB4Y2hk8Z1Y%2BIIYwXttJMyQRjp%2BM%3D
",4
"https://mytour.vn/khach-san/37421-khach-san-golf-valley.html?checkIn=16-07-2022&checkOut=17-07-2022&adults=1&rooms=1&children=0&priceKey=%2Bkhj4MYg%2F5q6B5bUH1V2Sh3ZU2ghi%2Flak16gJSXNXircQecCi%2B0YWyWRGWaPd8O%2FD4Kwb5hl9GA%3D
",4
"https://mytour.vn/khach-san/29643-khach-san-ladalat.html?checkIn=16-07-2022&checkOut=17-07-2022&adults=1&rooms=1&children=0&priceKey=%2Bkhj4MYg%2F5rswpgCuvnwEwYm4TET9gnWUoVUbS3lQd8hFOMkRAE7xhyUWt6p1KrbS5Bt0EnWxYI%3D
",5
"https://mytour.vn/khach-san/37475-cereja-hotel-and-resort-da-lat.html?checkIn=16-07-2022&checkOut=17-07-2022&adults=1&rooms=1&children=0&priceKey=%2Bkhj4MYg%2F5p29Ty9K1ZsQYYPUpQ2u5aKYhlkI6%2FfPvp%2FzCgS%2FtDmT%2FdCS7r8AV924DifF%2Br6mMI%3D
",4
"https://mytour.vn/khach-san/48085-khach-san-da-lat-paradise.html?checkIn=16-07-2022&checkOut=17-07-2022&adults=1&rooms=1&children=0&priceKey=%2Bkhj4MYg%2F5q4ootR%2F5f1XrpGohXwxFzqmVWovVVBKvBOFKPvy3enbmpZaJgUZXnO
",3
"https://mytour.vn/khach-san/47818-reddoorz-plus-tyche-hotel.html?checkIn=16-07-2022&checkOut=17-07-2022&adults=1&rooms=1&children=0&priceKey=%2Bkhj4MYg%2F5rXuiNt2ZR%2B5QIFP%2Br37iz97PzL0TSGIJSu2ngALE04f%2BN6PcXmdVpS
",3
"https://mytour.vn/khach-san/48902-khach-san-ex-villa-dalat.html?checkIn=16-07-2022&checkOut=17-07-2022&adults=1&rooms=1&children=0&priceKey=%2Bkhj4MYg%2F5rmykbj4YMJ6eSBbZAHQNVj0ghkDREuQNNlunCnQyTFylX3b2IpcOW0
",3
"https://mytour.vn/khach-san/29640-khach-san-minh-chien.html?checkIn=16-07-2022&checkOut=17-07-2022&adults=1&rooms=1&children=0&priceKey=%2Bkhj4MYg%2F5pNgfXLy0x%2FSyfDP3a69XoKLGuex2P7wNiSWcbW8KUF73Ksb7uJjzDO
",3
"https://mytour.vn/khach-san/53697-khach-san-sandals-flora.html?checkIn=16-07-2022&checkOut=17-07-2022&adults=1&rooms=1&children=0&priceKey=%2Bkhj4MYg%2F5rUx44vB95mUqsuGZlOtg%2BMjEAsG46UE6afswpyGge2jvzw5QR5tncj
",3
"https://mytour.vn/khach-san/831-intercontinental-da-nang-sun-peninsula-resort.html?checkIn=16-07-2022&checkOut=17-07-2022&adults=1&rooms=1&children=0&priceKey=%2FF6T3StyQjmzoexGUhWj7Y2jWNss2jiGLCRxMlD5oPoBKa%2FMSG70Ged444nC4osaqHGjRFLaXsA%3D
",5
"https://mytour.vn/khach-san/1162-da-nang-mikazuki-japanese-resorts-and-spa.html?checkIn=16-07-2022&checkOut=17-07-2022&adults=1&rooms=1&children=0&priceKey=%2FF6T3StyQjmzoexGUhWj7Y2jWNss2jiGw4Q%2Bmg3p9th3mFmUwkFWyU4Ppz9pwsEI%2B%2BfNZVj6OTw%3D
",5
"https://mytour.vn/khach-san/35107-khach-san-paris-deli.html?checkIn=16-07-2022&checkOut=17-07-2022&adults=1&rooms=1&children=0&priceKey=%2FF6T3StyQjmzoexGUhWj7Y2jWNss2jiGNCTo1jOtsMXLyl5z4BBVzqFLtfBFwMsg
",4
"https://mytour.vn/khach-san/35209-four-points-by-sheraton-da-nang.html?checkIn=16-07-2022&checkOut=17-07-2022&adults=1&rooms=1&children=0&priceKey=%2FF6T3StyQjmzoexGUhWj7Y2jWNss2jiGGC%2F2FK3IjFaycPCuEStxf0zxXfqSRw0HlGtgn6GsX0E%3D
",5
"https://mytour.vn/khach-san/35133-khach-san-mandila-beach-da-nang.html?checkIn=16-07-2022&checkOut=17-07-2022&adults=1&rooms=1&children=0&priceKey=%2FF6T3StyQjmzoexGUhWj7Y2jWNss2jiGlmBmjiz%2FEp5Zt9Cs0QBXMWH5C4nqj4Tx
",4
"https://mytour.vn/khach-san/35089-haian-beach-hotel-and-spa.html?checkIn=16-07-2022&checkOut=17-07-2022&adults=1&rooms=1&children=0&priceKey=%2FF6T3StyQjmzoexGUhWj7Y2jWNss2jiGCwNZigRhEmWQA4cSv0E4%2BkBksBzLdbUP4xHSK3RATWs%3D
",4
"https://mytour.vn/khach-san/35218-altara-suites-by-ri-yaz.html?checkIn=16-07-2022&checkOut=17-07-2022&adults=1&rooms=1&children=0&priceKey=%2FF6T3StyQjmzoexGUhWj7Y2jWNss2jiGqsonDRf1rUyYcoFOiWKs5SOwq0R%2FUNMEXthBYkxzK6w%3D
",5
"https://mytour.vn/khach-san/35183-khach-san-san-marino-boutique-da-nang.html?checkIn=16-07-2022&checkOut=17-07-2022&adults=1&rooms=1&children=0&priceKey=%2FF6T3StyQjmzoexGUhWj7Y2jWNss2jiGbqZBTmF2qNcOI2%2F7CJan7xHKtzi2v8iO
",4
"https://mytour.vn/khach-san/35110-khach-san-platinum-da-nang.html?checkIn=16-07-2022&checkOut=17-07-2022&adults=1&rooms=1&children=0&priceKey=%2FF6T3StyQjmzoexGUhWj7Y2jWNss2jiGATNQK564%2FdDx7AzdRCcpEOtdQ745z3Rg
",3
"https://mytour.vn/khach-san/22811-risemount-resort-danang.html?checkIn=16-07-2022&checkOut=17-07-2022&adults=1&rooms=1&children=0&priceKey=%2FF6T3StyQjmzoexGUhWj7Y2jWNss2jiGjIpgNYJ%2B%2Fp6vJXnMqcP12WQPMwVSt6ACKPifbat6nfM%3D
",5
"https://mytour.vn/khach-san/656-the-ocean-villas.html?checkIn=16-07-2022&checkOut=17-07-2022&adults=1&rooms=1&children=0&priceKey=%2FF6T3StyQjmzoexGUhWj7Y2jWNss2jiGYlar1DG5ozH5ilXkNX%2B8f%2FIKeSUbo0JSn03wEq42U2s%3D
",5
"https://mytour.vn/khach-san/35117-khach-san-tms-da-nang-beach.html?checkIn=16-07-2022&checkOut=17-07-2022&adults=1&rooms=1&children=0&priceKey=%2Bkhj4MYg%2F5qoTPBl6AaTj0kzxXr2whRhW5d%2FyTvzg8EtIsh7fx3KTn%2BFB7mzVyunRY1320aDLR4%3D
",5
"https://mytour.vn/khach-san/35185-chicland-hotel.html?checkIn=16-07-2022&checkOut=17-07-2022&adults=1&rooms=1&children=0&priceKey=%2Bkhj4MYg%2F5qV%2BXuFC3ufkyr7Ef18hF%2BwjjQR1YdTA8i1qyS1GDjZXkyEddBx1riKc%2Fm1ToVZ9Zk%3D
",4
"https://mytour.vn/khach-san/1395-temple-resort-experience-da-nang.html?checkIn=16-07-2022&checkOut=17-07-2022&adults=1&rooms=1&children=0&priceKey=%2Bkhj4MYg%2F5rSecvojuOqhYGYKUw3wG5CwGv1jk%2FQaOOyIFY4kiaDtdRKg80CX8T468BodA1ouKE%3D
",3
"https://mytour.vn/khach-san/48742-khach-san-nguyen-gia.html?checkIn=16-07-2022&checkOut=17-07-2022&adults=1&rooms=1&children=0&priceKey=%2FF6T3StyQjmzoexGUhWj7Y2jWNss2jiGTgC5CBqh%2BQLSMG1IX2ExHJqfyLBpU6HkML2jeacE2Ig%3D
",3
"https://mytour.vn/khach-san/23422-khach-san-stay-da-nang.html?checkIn=16-07-2022&checkOut=17-07-2022&adults=1&rooms=1&children=0&priceKey=%2FF6T3StyQjmzoexGUhWj7Y2jWNss2jiGq%2FyIIa%2BdoSpKvrwljQM9f1uvVXRRwCkk
",4
"https://mytour.vn/khach-san/53705-khach-san-gold-plaza-da-nang.html?checkIn=16-07-2022&checkOut=17-07-2022&adults=1&rooms=1&children=0&priceKey=%2FF6T3StyQjmzoexGUhWj7Y2jWNss2jiGbqZBTmF2qNcOI2%2F7CJan7xnGNPmwglq5
",4
"https://mytour.vn/khach-san/35211-khach-san-hung-anh-da-nang.html?checkIn=16-07-2022&checkOut=17-07-2022&adults=1&rooms=1&children=0&priceKey=%2FF6T3StyQjmzoexGUhWj7Y2jWNss2jiG3%2FYWqlfta1dm2PyUDQ2l012YAahONE4o
",4
"https://mytour.vn/khach-san/528-amiana-resort-nha-trang.html?checkIn=16-07-2022&checkOut=17-07-2022&adults=1&rooms=1&children=0&priceKey=%2Bkhj4MYg%2F5p%2FUvkJ%2FR5DbwqqlyC4rJgkm1B%2FSmLrl5SZhmKQwthCRfAoPkph3Lb7fZHSmTzZa%2Fk%3D
",5
"https://mytour.vn/khach-san/48579-khach-san-vesna-nha-trang.html?checkIn=16-07-2022&checkOut=17-07-2022&adults=1&rooms=1&children=0&priceKey=%2Bkhj4MYg%2F5oFvKRUqgvne8Nk6r0%2BDHW7Ig3FOF92slR7QY97S6b%2B32r1VQj7WZpZ
",5
"https://mytour.vn/khach-san/38664-khach-san-muong-thanh-luxury-nha-trang.html?checkIn=16-07-2022&checkOut=17-07-2022&adults=1&rooms=1&children=0&priceKey=%2Bkhj4MYg%2F5oEyLuPairkt0561o64%2BPq%2BS1maj0p%2B0ByI%2B4GGO%2Bt%2BtrUgN8dwg65cNLYOVJ4TyUo%3D
",5
"https://mytour.vn/khach-san/38945-khach-san-tnd-nha-trang.html?checkIn=16-07-2022&checkOut=17-07-2022&adults=1&rooms=1&children=0&priceKey=%2Bkhj4MYg%2F5r5Ia1Drjvkmo%2Biwyr0H8pGNkdQhxs1hZSrHIizAeKqDYvgVdjeawqX
",4
"https://mytour.vn/khach-san/29604-khach-san-queen-ann-nha-trang.html?checkIn=16-07-2022&checkOut=17-07-2022&adults=1&rooms=1&children=0&priceKey=%2Bkhj4MYg%2F5payA%2FGjKktrsGRLVjtw2OWOMfbzLvkpZ301c45qLvuMjHJHsHN9sjsMGECYcwgyXE%3D
",5
"https://mytour.vn/khach-san/38759-vinpearl-resort-and-spa-nha-trang-bay.html?checkIn=16-07-2022&checkOut=17-07-2022&adults=1&rooms=1&children=0&priceKey=%2Bkhj4MYg%2F5pya5acfeXjw8LgpT%2FHebcdz3oqW6hF7khaTh%2BjYL6nEzMIxPKghZF%2Fg6GexcJ7aBQ%3D
",5
"https://mytour.vn/khach-san/553-khach-san-novotel-nha-trang.html?checkIn=16-07-2022&checkOut=17-07-2022&adults=1&rooms=1&children=0&priceKey=%2Bkhj4MYg%2F5oALqIOLA1QrMuoYYPC4svFt8Fem49BtwcayR7%2FMsKYIsJfuoDZL4cRF9qhD%2Ft1KBQ%3D
",4
"https://mytour.vn/khach-san/8496-khach-san-starcity-nha-trang.html?checkIn=16-07-2022&checkOut=17-07-2022&adults=1&rooms=1&children=0&priceKey=%2Bkhj4MYg%2F5oDHxHJe3RRjHGPve8MNWTeSOTRXANJLRWP6RFyxkbcHTLcoSqiCIAQ
",5
"https://mytour.vn/khach-san/889-khach-san-intercontinental-nha-trang.html?checkIn=16-07-2022&checkOut=17-07-2022&adults=1&rooms=1&children=0&priceKey=%2Bkhj4MYg%2F5rBhLSbCniCnfZe%2F28JlVQ6wue6fzHYQNzM3mHTslfjJRv%2BCNpmXRvVXBmkQ9e1qWk%3D
",5
"https://mytour.vn/khach-san/38375-khach-san-imperial-nha-trang.html?checkIn=16-07-2022&checkOut=17-07-2022&adults=1&rooms=1&children=0&priceKey=%2Bkhj4MYg%2F5qzOpL2mcsVgdE5sujr1CTb%2B3YiKiT46QZ728qoYCHFtxeJLTq39E6G
",4
"https://mytour.vn/khach-san/50515-khach-san-potique-nha-trang.html?checkIn=16-07-2022&checkOut=17-07-2022&adults=1&rooms=1&children=0&priceKey=%2Bkhj4MYg%2F5o8UeX%2BFF3BAc1LOLy4bOj4ioiF94VlbDvv1RmBzeuwe1MMMz4wAFt9XVVh4VcFqBI%3D
",5
"https://mytour.vn/khach-san/38464-khach-san-muong-thanh-luxury-khanh-hoa.html?checkIn=16-07-2022&checkOut=17-07-2022&adults=1&rooms=1&children=0&priceKey=%2Bkhj4MYg%2F5r%2B%2F7yBqF2GkTNhqQfVXrCIKulhiyKmtXOyVrJGM4Ck0dvu9IBvLsbOfXVAC95qAIc%3D
",5
"https://mytour.vn/khach-san/38769-khach-san-florida-nha-trang.html?checkIn=16-07-2022&checkOut=17-07-2022&adults=1&rooms=1&children=0&priceKey=%2Bkhj4MYg%2F5qoMUcoeq896HWp0mLLDg9E9CXV7CVROZocQQ9nHedu0WhKn5qc6N07
",5
"https://mytour.vn/khach-san/48400-khach-san-lasera-nha-trang.html?checkIn=16-07-2022&checkOut=17-07-2022&adults=1&rooms=1&children=0&priceKey=%2Bkhj4MYg%2F5onLj%2FZQ7VeadyJ2fA9JyLvf%2B%2FxRQasjisWJr7TSx%2BWtwYFq8CHfKME
",4
"https://mytour.vn/khach-san/29495-khach-san-and-can-ho-maple.html?checkIn=16-07-2022&checkOut=17-07-2022&adults=1&rooms=1&children=0&priceKey=%2Bkhj4MYg%2F5pLtrAlHMtMh0KWjoyidfxux6gL%2BTZ9FyeoUI79U%2BPb5XJCCwJ8x4YQ
",4
"https://mytour.vn/khach-san/38465-khach-san-bonjour-nha-trang.html?checkIn=16-07-2022&checkOut=17-07-2022&adults=1&rooms=1&children=0&priceKey=%2FF6T3StyQjmzoexGUhWj7Y2jWNss2jiG%2BZ7IuPrI9mbgkuiARHMfdiGy3T45%2F6BB
",4
"https://mytour.vn/khach-san/38379-citadines-bayfront-nha-trang.html?checkIn=16-07-2022&checkOut=17-07-2022&adults=1&rooms=1&children=0&priceKey=%2FF6T3StyQjmzoexGUhWj7Y2jWNss2jiGCwNZigRhEmWQA4cSv0E4%2BkBksBzLdbUP4xHSK3RATWs%3D
",5
"https://mytour.vn/khach-san/29576-khach-san-quinter-central-nha-trang.html?checkIn=16-07-2022&checkOut=17-07-2022&adults=1&rooms=1&children=0&priceKey=%2FF6T3StyQjmzoexGUhWj7Y2jWNss2jiGvTiKu%2Fv8Z41qG%2F005orZgGaW46lcE4uO
",5
"https://mytour.vn/khach-san/220-khach-san-the-light-hotel-and-resort.html?checkIn=16-07-2022&checkOut=17-07-2022&adults=1&rooms=1&children=0&priceKey=%2FF6T3StyQjmzoexGUhWj7Y2jWNss2jiGiQ%2FZgURRSIR%2F3d5xqXmz1e43TwnWK2A9
",4
"https://mytour.vn/khach-san/279-khach-san-ruby-nha-trang.html?checkIn=16-07-2022&checkOut=17-07-2022&adults=1&rooms=1&children=0&priceKey=%2Bkhj4MYg%2F5qc5R8czDGixhSA9xVPQb1GksmRjphlOusGnR%2BRK25RdNmXxawY74L%2F
",4
"https://mytour.vn/khach-san/714-khach-san-asia-paradise-nha-trang.html?checkIn=16-07-2022&checkOut=17-07-2022&adults=1&rooms=1&children=0&priceKey=%2Bkhj4MYg%2F5p2BBJq8rA%2FvuUInH3gVK1B%2BqzRWZWH%2FEDRCgoMjPQgV6zCpS53u0%2B2
",3
"https://mytour.vn/khach-san/608-khach-san-dendro-nha-trang.html?checkIn=16-07-2022&checkOut=17-07-2022&adults=1&rooms=1&children=0&priceKey=%2Bkhj4MYg%2F5pwAs17J9fqQBxj5ENpmawOikYu3%2F1H4v%2B%2Fty67Li1R4rppeGjcMa0E
",3
"https://mytour.vn/khach-san/49859-khach-san-miracle-luxury-nha-trang.html?checkIn=16-07-2022&checkOut=17-07-2022&adults=1&rooms=1&children=0&priceKey=%2Bkhj4MYg%2F5pUKXrufjrneP%2Bii5fW7MIT%2FILlzcSWgPzHAA3f5ndOW3h%2BbUj35lNS
",4
"https://mytour.vn/khach-san/45327-khach-san-ivy-nha-trang.html?checkIn=16-07-2022&checkOut=17-07-2022&adults=1&rooms=1&children=0&priceKey=%2Bkhj4MYg%2F5o9L3b%2BIIid3X2ANFDCtpekAF05gEJOvaDsrozBsyoDUmCFEEuKI6QI
",4
"https://mytour.vn/khach-san/38475-khach-san-masova-nha-trang.html?checkIn=16-07-2022&checkOut=17-07-2022&adults=1&rooms=1&children=0&priceKey=%2Bkhj4MYg%2F5r%2BXf90huQeqD1UQ%2BqZ2az%2F%2BKtQJpZps%2F672oY%2B0%2FudFsRevkcoicwtCS29aVoWM2I%3D
",4
"https://mytour.vn/khach-san/29519-khach-san-libra-nha-trang.html?checkIn=16-07-2022&checkOut=17-07-2022&adults=1&rooms=1&children=0&priceKey=%2Bkhj4MYg%2F5qDNFve%2FLjpXRGubmxNy%2FbqfofBt7tU61CXpuNmLUnaStvpTpV5DPjf
",4
"https://mytour.vn/khach-san/40454-intercontinental-phu-quoc-long-beach-resort.html?checkIn=16-07-2022&checkOut=17-07-2022&adults=1&rooms=1&children=0&priceKey=%2FF6T3StyQjmzoexGUhWj7Y2jWNss2jiG7NKvP2gLor7fJpelPsfaJ3Ht7QzqZxIVovFRX%2FbvVZI%3D
",5
"https://mytour.vn/khach-san/45734-pullman-phu-quoc-beach-resort.html?checkIn=16-07-2022&checkOut=17-07-2022&adults=1&rooms=1&children=0&priceKey=%2FF6T3StyQjmzoexGUhWj7Y2jWNss2jiGsRo2%2FAvTls8tF4TfD2HqCcUzi29nrSqdYFRy0rj%2FOWw%3D
",5
"https://mytour.vn/khach-san/50020-new-world-phu-quoc-resort.html?checkIn=16-07-2022&checkOut=17-07-2022&adults=1&rooms=1&children=0&priceKey=%2FF6T3StyQjmzoexGUhWj7Y2jWNss2jiGX6NVhWDqnw00uTK41L%2FNY9RPWk%2FEwXrJLpQInw4pREc%3D
",5
"https://mytour.vn/khach-san/40429-radisson-blu-resort-phu-quoc.html?checkIn=16-07-2022&checkOut=17-07-2022&adults=1&rooms=1&children=0&priceKey=%2FF6T3StyQjmzoexGUhWj7Y2jWNss2jiGi78dN2o27TGKJ5RXaFfkGTp9DkdfbZVbezqUDbOCMNc%3D
",5
"https://mytour.vn/khach-san/40463-jw-marriott-phu-quoc-emerald-bay-resort-and-spa.html?checkIn=16-07-2022&checkOut=17-07-2022&adults=1&rooms=1&children=0&priceKey=%2FF6T3StyQjmzoexGUhWj7Y2jWNss2jiGspRfQZuqWAsZRp6ozoNizkYUcupVMCxTEEv%2BVWncDiE%3D
",5
"https://mytour.vn/khach-san/430-the-shells-resort-and-spa-phu-quoc.html?checkIn=16-07-2022&checkOut=17-07-2022&adults=1&rooms=1&children=0&priceKey=%2FF6T3StyQjmzoexGUhWj7Y2jWNss2jiGgpisD72jWMJjh19YwJM0I82rsmTEidi6tDUkhLdubEg%3D
",5
"https://mytour.vn/khach-san/40415-premier-residences-phu-quoc-emerald-bay.html?checkIn=16-07-2022&checkOut=17-07-2022&adults=1&rooms=1&children=0&priceKey=%2FF6T3StyQjmzoexGUhWj7Y2jWNss2jiGCwJa0OeCNSPd3ziDLsCx3fR3YLePBMxjOKs1q4QHMPs%3D
",5
"https://mytour.vn/khach-san/40434-anja-beach-resort-and-spa-phu-quoc.html?checkIn=16-07-2022&checkOut=17-07-2022&adults=1&rooms=1&children=0&priceKey=%2FF6T3StyQjmzoexGUhWj7Y2jWNss2jiGWgPlMNxCL59M4pVNo7%2BZJP6W%2Bdv4KUn7V7FDKZjIZ%2B0%3D
",4
"https://mytour.vn/khach-san/50416-crowne-plaza-phu-quoc-starbay-resort.html?checkIn=16-07-2022&checkOut=17-07-2022&adults=1&rooms=1&children=0&priceKey=%2FF6T3StyQjmzoexGUhWj7Y2jWNss2jiGVU2hKtVqNqcJJ287nsHSURk9Vnb7g4IY%2BR%2B%2BW1aye2A%3D
",5
"https://mytour.vn/khach-san/40474-premier-village-phu-quoc-resort.html?checkIn=16-07-2022&checkOut=17-07-2022&adults=1&rooms=1&children=0&priceKey=%2FF6T3StyQjmzoexGUhWj7Y2jWNss2jiGv306Aj02B%2BMsZE8XOMRIYvkc4kxMtG%2B%2F6NsRriWL4js%3D
",5
"https://mytour.vn/khach-san/50342-regent-resort-phu-quoc.html?checkIn=16-07-2022&checkOut=17-07-2022&adults=1&rooms=1&children=0&priceKey=%2FF6T3StyQjmzoexGUhWj7Y2jWNss2jiGL8LruRbeZXEcZiVt6KzxJAAilafE9rA7HOt19f%2FPoT8%3D
",5
"https://mytour.vn/khach-san/868-la-veranda-resort-phu-quoc-mgallery.html?checkIn=16-07-2022&checkOut=17-07-2022&adults=1&rooms=1&children=0&priceKey=%2FF6T3StyQjmzoexGUhWj7Y2jWNss2jiG99aGU4Ml%2BgQwU06ac0wmPiDqBl7uFW6C2h0ml2ffoAA%3D
",5
"https://mytour.vn/khach-san/40507-best-western-premier-sonasea-phu-quoc.html?checkIn=16-07-2022&checkOut=17-07-2022&adults=1&rooms=1&children=0&priceKey=%2FF6T3StyQjmzoexGUhWj7Y2jWNss2jiGSAZRMweRUUi%2B%2B8Jnos%2FihbzRQVg69ZH9%2B14ihb0%2BhqA%3D
",5
"https://mytour.vn/khach-san/1431-sai-gon-phu-quoc-resort-and-spa.html?checkIn=16-07-2022&checkOut=17-07-2022&adults=1&rooms=1&children=0&priceKey=%2FF6T3StyQjmzoexGUhWj7Y2jWNss2jiGhWMO1iWhZSuxiQWuoVK%2Fttgysl%2BLbpiwQpMzI4sxsgk%3D
",4
"https://mytour.vn/khach-san/40417-sunset-sanato-resort-and-villa-phu-quoc.html?checkIn=16-07-2022&checkOut=17-07-2022&adults=1&rooms=1&children=0&priceKey=%2FF6T3StyQjmzoexGUhWj7Y2jWNss2jiGTfKngAfYaWBBKOh2HAy8Haoo55E3e6Yvda%2BYBGCWNP4%3D
",4
"https://mytour.vn/khach-san/165-mercury-phu-quoc-resort-and-villas.html?checkIn=16-07-2022&checkOut=17-07-2022&adults=1&rooms=1&children=0&priceKey=%2FF6T3StyQjmzoexGUhWj7Y2jWNss2jiG97GNF%2FDZZgK%2BjTmos3URxdHM%2FeAR7EoZimIFc4Mulog%3D
",4
"https://mytour.vn/khach-san/2533-salinda-resort-phu-quoc-island.html?checkIn=16-07-2022&checkOut=17-07-2022&adults=1&rooms=1&children=0&priceKey=%2FF6T3StyQjmzoexGUhWj7Y2jWNss2jiG%2BiIkG2bkUR3ESuteZxi7f4EVybbaQkpxjEBWNs1huJM%3D
",5
"https://mytour.vn/khach-san/53696-sailing-club-signature-resort-phu-quoc.html?checkIn=16-07-2022&checkOut=17-07-2022&adults=1&rooms=1&children=0&priceKey=%2FF6T3StyQjmzoexGUhWj7Y2jWNss2jiGGRIJYw1PZaHHmzl5jVehoFHUz0uJumZMWCuK77DVMLY%3D
",5
"https://mytour.vn/khach-san/40421-dusit-princess-moonrise-beach-resort.html?checkIn=16-07-2022&checkOut=17-07-2022&adults=1&rooms=1&children=0&priceKey=%2FF6T3StyQjmzoexGUhWj7Y2jWNss2jiGMwbMD3HyxldPVU8IVJHYZoIKyRNPS6%2Fr%2FD9ChVoGVU4%3D
",4
"https://mytour.vn/khach-san/1091-l-azure-resort-and-spa-phu-quoc.html?checkIn=16-07-2022&checkOut=17-07-2022&adults=1&rooms=1&children=0&priceKey=%2FF6T3StyQjmzoexGUhWj7Y2jWNss2jiGJNxp6v2r3rwH8nW1RXlwOtyJYiVj%2F3Fq10jtuf%2FqnS4%3D
",4
"https://mytour.vn/khach-san/45554-khach-san-avs-phu-quoc.html?checkIn=16-07-2022&checkOut=17-07-2022&adults=1&rooms=1&children=0&priceKey=%2FF6T3StyQjmzoexGUhWj7Y2jWNss2jiGx%2BIahTQvLs4KA6bWZFM7zBfVR3Euhqe2
",4
"https://mytour.vn/khach-san/23193-vinpearl-resort-and-golf-phu-quoc.html?checkIn=16-07-2022&checkOut=17-07-2022&adults=1&rooms=1&children=0&priceKey=%2FF6T3StyQjnSpJZyFcFOA2Q31c%2FQyP0GJPFHY2E%2B98M11h7KYtsaVdrMxu64doLTghhszQstMWg%3D
",5
"https://mytour.vn/khach-san/40432-thien-thanh-phu-quoc-resort.html?checkIn=16-07-2022&checkOut=17-07-2022&adults=1&rooms=1&children=0&priceKey=%2FF6T3StyQjmzoexGUhWj7Y2jWNss2jiGVp6xezV4THS%2Fj9nPR9upAunlGd4EpK0wWjqzZPEJayg%3D
",5
"https://mytour.vn/khach-san/47787-andochine-resort-and-spa-phu-quoc.html?checkIn=16-07-2022&checkOut=17-07-2022&adults=1&rooms=1&children=0&priceKey=%2FF6T3StyQjmzoexGUhWj7Y2jWNss2jiGWv%2F%2Fu2oxe3RNpzch3UENCMKOFwVHvrKQLfM61B80AFI%3D
",5
"https://mytour.vn/khach-san/50571-movenpick-villas-and-residences-phu-quoc.html?checkIn=16-07-2022&checkOut=17-07-2022&adults=1&rooms=1&children=0&priceKey=%2FF6T3StyQjmzoexGUhWj7Y2jWNss2jiGVp6xezV4THS%2Fj9nPR9upAtNfyhr2uOQo64Kx197DxpQ%3D
",5
"https://mytour.vn/khach-san/48224-khach-san-aurora-house-phu-quoc.html?checkIn=16-07-2022&checkOut=17-07-2022&adults=1&rooms=1&children=0&priceKey=%2Bkhj4MYg%2F5og%2FzFVSfDyTP5guuSMRwNC9KViSUICvpU7fccvV%2BHhjXR9GPt9DdV2
",3
"https://mytour.vn/khach-san/48168-naomi-resort-phu-quoc.html?checkIn=16-07-2022&checkOut=17-07-2022&adults=1&rooms=1&children=0&priceKey=%2Bkhj4MYg%2F5pUKXrufjrneP%2Bii5fW7MITnqz3GhEsvYpp1eTdZ%2BRzmfjD5NUGrzlc
",3
"https://mytour.vn/khach-san/53595-leaf-hotel-phu-quoc.html?checkIn=16-07-2022&checkOut=17-07-2022&adults=1&rooms=1&children=0&priceKey=%2Bkhj4MYg%2F5rfZSI1bHE8IePSSCgnHANIQuS9vrRf7tAlUgkJYlWb9ACPAjNKR0lP
",3
"https://mytour.vn/khach-san/955-khach-san-imperial-vung-tau.html?checkIn=16-07-2022&checkOut=17-07-2022&adults=1&rooms=1&children=0&priceKey=%2Bkhj4MYg%2F5o%2BR%2BB3YD9ydREdtRdG9mR2fnxDKfTIx2fyw15J3cxzBrGv71RE33gXLIK3jMdJ5mI%3D
",5
"https://mytour.vn/khach-san/48116-khach-san-the-cap.html?checkIn=16-07-2022&checkOut=17-07-2022&adults=1&rooms=1&children=0&priceKey=%2Bkhj4MYg%2F5o3wl1m05wNK26q6baV03cW9OdH1HcKzt1ANZUA948TpxEG0s2hUKCVNQlvEIwCq6g%3D
",4
"https://mytour.vn/khach-san/47741-khach-san-fusion-suites-vung-tau.html?checkIn=16-07-2022&checkOut=17-07-2022&adults=1&rooms=1&children=0&priceKey=%2Bkhj4MYg%2F5rI0UKAqSbvxn5y1uEDjgakEphE8E569B%2B5CIjbCgv0sCKrcYY3bL9bWDS1e2RNVws%3D
",4
"https://mytour.vn/khach-san/36317-khach-san-vias-vung-tau.html?checkIn=16-07-2022&checkOut=17-07-2022&adults=1&rooms=1&children=0&priceKey=%2Bkhj4MYg%2F5pdeA%2FFmBRUYRlvvyF%2FBGZvp12m8KBNAE28ErW%2Fgu1gXKsc6tw7YO1IugTU2xgtfRY%3D
",5
